Page,Clicks,Impressions,CTR,Weighted average position,Test CTR assumption,Additional clicks if achieved,Priority
/reports/india-ai-industrial-transition-2026-2035,8,2279,0.0035103115401491883,8.388328214129004,0.03,60.4,Snippet test
/research/pillars/defence/entity/matangi-usv,51,1330,0.038345864661654135,5.048872180451128,,,Ranking/content or insufficient evidence
/signals/indiaai-mission-gpu-compute-expansion,0,992,0.0,8.090725806451612,0.03,29.8,Snippet test
/reports/the-end-of-the-application-era,0,823,0.0,13.194410692588093,,,Ranking/content or insufficient evidence
/research/players/irel-odisha-sand-complex-oscom-chhatrapur,3,518,0.005791505791505791,8.384169884169884,0.03,12.5,Snippet test
/research/explainers/oscom-odisha,2,452,0.004424778761061947,7.18141592920354,0.03,11.6,Snippet test
/corridors,4,442,0.00904977375565611,15.052036199095022,,,Ranking/content or insufficient evidence
/corridors/amritsar-kolkata,8,405,0.019753086419753086,9.25925925925926,0.03,4.2,Snippet test
/reports,0,405,0.0,56.212345679012344,,,Ranking/content or insufficient evidence
/research/military-aerospace/company/cemilac,0,401,0.0,11.094763092269327,0.03,12.0,Snippet test
/corridors/delhi-mumbai,5,394,0.012690355329949238,12.134517766497462,,,Ranking/content or insufficient evidence
/research/drones-uas,0,394,0.0,27.083756345177665,,,Ranking/content or insufficient evidence
/corridors/bengaluru-mumbai,3,393,0.007633587786259542,6.964376590330788,0.03,8.8,Snippet test
/research/counter-uas,0,361,0.0,31.202216066481995,,,Ranking/content or insufficient evidence
/research/drones-uas/company/drdo-centre-for-airborne-systems-cabs-mfr-031,2,291,0.006872852233676976,10.467353951890034,0.03,6.7,Snippet test
/corridors/amritsar-kolkata/khurpia,10,290,0.034482758620689655,8.944827586206896,,,Ranking/content or insufficient evidence
/corridors/odisha-economic,7,290,0.02413793103448276,5.310344827586207,0.03,1.7,Snippet test
/research/entities/irel-odisha-sand-complex-oscom-chhatrapur,1,212,0.0047169811320754715,9.721698113207546,0.03,5.4,Snippet test
/signals,2,191,0.010471204188481676,15.481675392670157,,,Ranking/content or insufficient evidence
/research/entities/rbi-storage-of-payment-system-data-directive-2018,0,187,0.0,10.716577540106952,0.03,5.6,Snippet test
/,9,175,0.05142857142857143,23.177142857142858,,,Ranking/content or insufficient evidence
/research/military-aerospace/company/ada,0,156,0.0,8.26923076923077,0.03,4.7,Snippet test
/corridors/delhi-nagpur,10,147,0.06802721088435375,6.870748299319728,,,Ranking/content or insufficient evidence
/corridors/delhi-mumbai/khushkhera-bhiwadi-neemrana,6,145,0.041379310344827586,7.268965517241379,,,Ranking/content or insufficient evidence
/corridors/explainers/industrial-corridors-guide,3,142,0.02112676056338028,36.683098591549296,,,Ranking/content or insufficient evidence
/research/pillars/defence/entity/sagar-defence-engineering,3,141,0.02127659574468085,7.078014184397163,0.03,1.2,Snippet test
/signals/indian-army-aashvast-drone-electronics-security-assurance-lab,0,139,0.0,11.043165467625899,0.03,4.2,Snippet test
/corridors/chennai-bengaluru,0,133,0.0,11.8796992481203,0.03,4.0,Snippet test
/corridors/hyderabad-nagpur,0,131,0.0,7.755725190839694,0.03,3.9,Snippet test
/research/military-aerospace/company/gtre,1,130,0.007692307692307693,12.284615384615385,,,Ranking/content or insufficient evidence
/signals/pm-modi-5-8-semiconductor-plants-7-8-years,0,130,0.0,8.953846153846154,0.03,3.9,Snippet test
/research/suppliers/category/precision-machining,2,129,0.015503875968992248,33.91472868217054,,,Ranking/content or insufficient evidence
/corridors/chennai-bengaluru/ponneri,3,128,0.0234375,6.6484375,0.03,0.8,Snippet test
/corridors/delhi-mumbai/nangal-chaudhary-imlh,1,126,0.007936507936507936,8.531746031746032,0.03,2.8,Snippet test
/corridors/hyderabad-warangal,2,126,0.015873015873015872,6.809523809523809,0.03,1.8,Snippet test
/reports/india-cargo-drone-market,0,126,0.0,64.03174603174602,,,Ranking/content or insufficient evidence
/signals/lt-precision-engineering-drone-revenue-threefold-growth,1,124,0.008064516129032258,7.193548387096774,0.03,2.7,Snippet test
/signals/defence-acquisition-council-110000-crore-indian-industry-marine-gas-turbines-arudhra-2026,0,124,0.0,6.661290322580645,0.03,3.7,Snippet test
/corridors/amritsar-kolkata/rajpura-patiala,2,121,0.01652892561983471,10.231404958677686,0.03,1.6,Snippet test
/research/players/irel-rare-earth-permanent-magnet-plant-repm-visakhapatnam,1,120,0.008333333333333333,9.325,0.03,2.6,Snippet test
/research/counter-uas/system/l-t-defence-counter-drone-system-cus-057,0,112,0.0,7.705357142857143,0.03,3.4,Snippet test
/research/military-aerospace/company/nal,2,111,0.018018018018018018,25.315315315315317,,,Ranking/content or insufficient evidence
/reports/india-loitering-munitions-market,0,106,0.0,73.74528301886792,,,Ranking/content or insufficient evidence
/corridors/delhi-mumbai/dighi-port,2,104,0.019230769230769232,9.721153846153847,0.03,1.1,Snippet test
/signals/army-2715-logistic-drones-rfi,1,104,0.009615384615384616,8.711538461538462,0.03,2.1,Snippet test
/research/players/irel-india-limited,0,104,0.0,20.78846153846154,,,Ranking/content or insufficient evidence
/research/players/sankalp-semiconductor,0,103,0.0,27.49514563106796,,,Ranking/content or insufficient evidence
/research/drones-uas/company/drdo-defence-electronics-research-laboratory-dlrl-mfr-032,0,100,0.0,9.0,0.03,3.0,Snippet test
/corridors/hyderabad-warangal/kakatiya-textile-park,1,97,0.010309278350515464,9.463917525773196,,,Ranking/content or insufficient evidence
/reports/beyond-quantum-computing,1,95,0.010526315789473684,41.4,,,Ranking/content or insufficient evidence
/research/military-aerospace/company/aequs,0,95,0.0,16.705263157894738,,,Ranking/content or insufficient evidence
/research/military-aerospace/company/hal,0,93,0.0,48.83870967741935,,,Ranking/content or insufficient evidence
/research/drones-uas/company/drdo-research-centre-imarat-rci-mfr-033,1,92,0.010869565217391304,18.184782608695652,,,Ranking/content or insufficient evidence
/corridors/delhi-mumbai/iitgnl-greater-noida,1,91,0.01098901098901099,12.615384615384615,,,Ranking/content or insufficient evidence
/research/players/brahmos-aerospace,0,89,0.0,32.39325842696629,,,Ranking/content or insufficient evidence
/research/players/csir-immt-bhubaneswar,0,86,0.0,10.44186046511628,,,Ranking/content or insufficient evidence
/research/entities/irel-rare-earth-permanent-magnet-plant-repm-visakhapatnam,0,84,0.0,10.226190476190476,,,Ranking/content or insufficient evidence
/corridors/bengaluru-mumbai/dharwad,2,83,0.024096385542168676,5.951807228915663,,,Ranking/content or insufficient evidence
/corridors/vizag-chennai/donakonda,1,83,0.012048192771084338,6.542168674698795,,,Ranking/content or insufficient evidence
/corridors/delhi-mumbai/jodhpur-pali-marwar,0,83,0.0,10.493975903614459,,,Ranking/content or insufficient evidence
/corridors/vizag-chennai/kopparthy,2,82,0.024390243902439025,6.902439024390244,,,Ranking/content or insufficient evidence
/corridors/vizag-chennai,2,82,0.024390243902439025,9.524390243902438,,,Ranking/content or insufficient evidence
/research/military-aerospace/company/no1-brd-kanpur,0,81,0.0,6.777777777777778,,,Ranking/content or insufficient evidence
/research/entities/industrial-ai-in-indian-manufacturing,0,80,0.0,62.8125,,,Ranking/content or insufficient evidence
/research/pillars/defence/entity/brahmos-aerospace,0,80,0.0,49.925,,,Ranking/content or insufficient evidence
/research/suppliers/category/composites,1,78,0.01282051282051282,29.41025641025641,,,Ranking/content or insufficient evidence
/research/military-aerospace/company/godrej-aerospace,0,75,0.0,24.093333333333334,,,Ranking/content or insufficient evidence
/corridors/hyderabad-bengaluru,1,72,0.013888888888888888,8.76388888888889,,,Ranking/content or insufficient evidence
/reports/who-actually-captures-the-india-us-minerals-alliance,0,72,0.0,62.81944444444444,,,Ranking/content or insufficient evidence
/reports/kalpasar-economic-impact/executive-summary,2,71,0.028169014084507043,6.309859154929577,,,Ranking/content or insufficient evidence
/corridors/hyderabad-warangal/hyderabad-pharma-city,0,71,0.0,15.23943661971831,,,Ranking/content or insufficient evidence
/research/military-aerospace/company/mahindra-aero,0,71,0.0,27.845070422535212,,,Ranking/content or insufficient evidence
/corridors/amritsar-kolkata/hisar,0,70,0.0,11.571428571428571,,,Ranking/content or insufficient evidence
/research/entities,0,70,0.0,5.914285714285715,,,Ranking/content or insufficient evidence
/research/players/india-electronics-and-semiconductor-association-iesa,0,70,0.0,24.9,,,Ranking/content or insufficient evidence
/corridors/hyderabad-nagpur/zaheerabad,1,69,0.014492753623188406,7.434782608695652,,,Ranking/content or insufficient evidence
/research/entities/khanij-bidesh-india-limited-kabil,0,67,0.0,14.253731343283581,,,Ranking/content or insufficient evidence
/reports/india-drone-sensors-payloads-imaging-market,1,66,0.015151515151515152,52.68181818181818,,,Ranking/content or insufficient evidence
/signals/apollyon-ahuti-mk2-498-kmph-indigenous-drone-interceptor,0,65,0.0,8.861538461538462,,,Ranking/content or insufficient evidence
/research/entities/indiaai-mission-gpu-compute-expansion,0,64,0.0,8.078125,,,Ranking/content or insufficient evidence
/research/players/tata-semiconductor-assembly-and-test,0,64,0.0,18.28125,,,Ranking/content or insufficient evidence
/signals/three-indian-semiconductor-plants-live-ism-20-approved-semicon-india-2026,2,63,0.031746031746031744,10.428571428571429,,,Ranking/content or insufficient evidence
/previews/dholera-semiconductor-supplier-ecosystem-preview.pdf,5,60,0.08333333333333333,5.666666666666667,,,Ranking/content or insufficient evidence
/signals/bel-600-crore-chitrakoot-defence-unit,2,60,0.03333333333333333,8.433333333333334,,,Ranking/content or insufficient evidence
/research/entities/army-2715-logistic-drones-rfi,4,59,0.06779661016949153,8.83050847457627,,,Ranking/content or insufficient evidence
/about,3,57,0.05263157894736842,1.3508771929824561,,,Ranking/content or insufficient evidence
/research/drones-uas/platform/ideaforge-netra-v2-drn-0023,0,57,0.0,14.929824561403509,,,Ranking/content or insufficient evidence
/research/military-aerospace/platform/c17,0,57,0.0,62.50877192982456,,,Ranking/content or insufficient evidence
/research/players/brahmos-aerospace-private-limited,0,57,0.0,34.98245614035088,,,Ranking/content or insufficient evidence
/research/drones-uas/platform/iai-searcher-mk-ii-drn-0003,0,56,0.0,15.964285714285714,,,Ranking/content or insufficient evidence
/corridors/amritsar-kolkata/prayagraj,1,55,0.01818181818181818,7.109090909090909,,,Ranking/content or insufficient evidence
/corridors/amritsar-kolkata/raghunathpur,0,55,0.0,8.636363636363637,,,Ranking/content or insufficient evidence
/research/drones-uas/company/drdo-aeronautical-development-establishment-ade-mfr-007,0,55,0.0,8.345454545454546,,,Ranking/content or insufficient evidence
/research/drones-uas/company/vem-technologies-pvt-ltd-mfr-019,1,52,0.019230769230769232,29.25,,,Ranking/content or insufficient evidence
/research/space/company/nsil,0,51,0.0,15.196078431372548,,,Ranking/content or insufficient evidence
/corridors/vizag-chennai/chittoor,0,50,0.0,9.96,,,Ranking/content or insufficient evidence
/dependencies,0,50,0.0,14.3,,,Ranking/content or insufficient evidence
/research/space/platform/project-garud,0,49,0.0,8.918367346938776,,,Ranking/content or insufficient evidence
/research/drones-uas/platform/av-switchblade-600-drn-0102,0,48,0.0,24.1875,,,Ranking/content or insufficient evidence
/research/suppliers/category/pcb-manufacturing,0,48,0.0,60.270833333333336,,,Ranking/content or insufficient evidence
/signals/india-armenia-pralay-ballistic-missile-export-talks,2,47,0.0425531914893617,8.787234042553191,,,Ranking/content or insufficient evidence
/corridors/delhi-mumbai/vikram-udyogpuri,0,47,0.0,8.148936170212766,,,Ranking/content or insufficient evidence
/research/players/meghraj-gi-cloud,0,47,0.0,34.1063829787234,,,Ranking/content or insufficient evidence
/signals/pars-defence-powerus-guardian-counter-drone-manufacturing-india,2,46,0.043478260869565216,7.869565217391305,,,Ranking/content or insufficient evidence
/corridors/hyderabad-bengaluru/orvakal,0,46,0.0,7.021739130434782,,,Ranking/content or insufficient evidence
/search,0,46,0.0,1.3260869565217392,,,Ranking/content or insufficient evidence
/research/entities/cohizon-life-sciences-formerly-sajjan-india-ltd,1,45,0.022222222222222223,17.044444444444444,,,Ranking/content or insufficient evidence
/research/entities/pars-defence-powerus-guardian-counter-drone-manufacturing-india,1,44,0.022727272727272728,8.84090909090909,,,Ranking/content or insufficient evidence
/research/entities/exide-energy-solutions-gigafactory-bengaluru,0,44,0.0,9.340909090909092,,,Ranking/content or insufficient evidence
/research/drones-uas/platform/endureair-vahak-6-drn-0137,3,43,0.06976744186046512,6.069767441860465,,,Ranking/content or insufficient evidence
/research/drones-uas/platform/q-alpha-rhh-150-drn-0146,0,43,0.0,5.465116279069767,,,Ranking/content or insufficient evidence
/shape,0,43,0.0,1.558139534883721,,,Ranking/content or insufficient evidence
/signals/maval-366-hectare-defence-data-centre-industrial-estate-pune-2026,0,43,0.0,4.883720930232558,,,Ranking/content or insufficient evidence
/corridors/vizag-chennai/visakhapatnam,2,42,0.047619047619047616,8.619047619047619,,,Ranking/content or insufficient evidence
/research/counter-uas/system/hensoldt-xpeller-counter-uas-cus-032,0,42,0.0,8.333333333333332,,,Ranking/content or insufficient evidence
/research/drones-uas/company/drdo-aerial-delivery-research-development-establishm-mfr-008,0,42,0.0,12.261904761904763,,,Ranking/content or insufficient evidence
/research/players/photoresist,0,41,0.0,36.829268292682926,,,Ranking/content or insufficient evidence
/research/players/tata-semiconductor-assembly-and-test-tsat,0,41,0.0,15.146341463414634,,,Ranking/content or insufficient evidence
/reports/india-industrial-water-opportunity-map,1,40,0.025,64.05,,,Ranking/content or insufficient evidence
/research/players/midwest-advanced-materials,1,40,0.025,7.4,,,Ranking/content or insufficient evidence
/research/drones-uas/platform/drdo-als-50-drn-0067,0,40,0.0,10.025,,,Ranking/content or insufficient evidence
/research/entities/advanced-semiconductor-packaging,0,40,0.0,46.2,,,Ranking/content or insufficient evidence
/research/pillars/semiconductors,0,40,0.0,21.6,,,Ranking/content or insufficient evidence
/research/players/aws-asia-pacific-mumbai,0,39,0.0,72.35897435897436,,,Ranking/content or insufficient evidence
/research/players/ayushman-bharat-digital-mission-abdm,0,39,0.0,44.23076923076923,,,Ranking/content or insufficient evidence
/signals/india-japan-maritime-security-pact-joint-naval-shipbuilding,0,39,0.0,8.794871794871796,,,Ranking/content or insufficient evidence
/reports/indias-unmanned-warfare-transformation,0,38,0.0,50.76315789473684,,,Ranking/content or insufficient evidence
/research/drones-uas/company/bharat-electronics-limited-bel-mfr-010,0,37,0.0,33.567567567567565,,,Ranking/content or insufficient evidence
/research/drones-uas/platform/iai-rotem-l-drn-0104,0,37,0.0,8.324324324324325,,,Ranking/content or insufficient evidence
/research/drones-uas/platform/wb-group-warmate-drn-0018,0,37,0.0,29.54054054054054,,,Ranking/content or insufficient evidence
/research/players/advanced-systems-laboratory,0,37,0.0,13.08108108108108,,,Ranking/content or insufficient evidence
/research/suppliers/category/toolmaking,0,37,0.0,10.72972972972973,,,Ranking/content or insufficient evidence
/corridors/bengaluru-mumbai/satara,5,36,0.1388888888888889,4.055555555555555,,,Ranking/content or insufficient evidence
/research/counter-uas/manufacturer/raytheon-technologies-rtx-mfg-029,0,36,0.0,40.55555555555556,,,Ranking/content or insufficient evidence
/research/drones-uas/platform/iai-searcher-mk-iii-drn-0053,0,36,0.0,23.416666666666668,,,Ranking/content or insufficient evidence
/corridors/chennai-bengaluru/tumakuru,2,35,0.05714285714285714,10.428571428571429,,,Ranking/content or insufficient evidence
/reports/india-tech-transfer-ecosystem,1,35,0.02857142857142857,8.942857142857143,,,Ranking/content or insufficient evidence
/research/entities/bel-600-crore-chitrakoot-defence-unit,1,35,0.02857142857142857,22.34285714285714,,,Ranking/content or insufficient evidence
/research/drones-uas/platform/chinese-gj-11-sharp-sword-drn-0090,0,35,0.0,40.82857142857143,,,Ranking/content or insufficient evidence
/research/pillars/defence/entity/ge-f404-ge-in20-engine-for-lca-mk1a,0,35,0.0,8.37142857142857,,,Ranking/content or insufficient evidence
/signals/india-data-centre-capacity-surges-four-fold,0,35,0.0,37.51428571428571,,,Ranking/content or insufficient evidence
/research/drones-uas/platform/av-switchblade-300-drn-0017,2,33,0.06060606060606061,26.818181818181817,,,Ranking/content or insufficient evidence
/research,1,33,0.030303030303030304,9.878787878787879,,,Ranking/content or insufficient evidence
/research/space/company/akshath-aerospace,1,33,0.030303030303030304,6.515151515151516,,,Ranking/content or insufficient evidence
/signals/jewar-electronics-manufacturing-ecosystem,1,33,0.030303030303030304,8.818181818181818,,,Ranking/content or insufficient evidence
/reports/industrial-ai-in-indian-manufacturing,0,33,0.0,50.18181818181818,,,Ranking/content or insufficient evidence
/research/counter-uas/manufacturer/kritikal-securescan-mfg-012,0,33,0.0,15.030303030303031,,,Ranking/content or insufficient evidence
/reports/who-builds-indias-drones,1,32,0.03125,34.78125,,,Ranking/content or insufficient evidence
/research/drones-uas/platform/drdo-ulka-drn-0061,1,32,0.03125,6.75,,,Ranking/content or insufficient evidence
/research/entities/lt-together-ai-nvidia-b300-ai-factory-chennai,1,32,0.03125,8.625,,,Ranking/content or insufficient evidence
/research/drones-uas/company/mahindra-defence-systems-mfr-083,0,32,0.0,36.21875,,,Ranking/content or insufficient evidence
/research/military-aerospace,0,32,0.0,18.9375,,,Ranking/content or insufficient evidence
/research/players/association-of-indian-medical-device-industry-aimed,0,32,0.0,13.0,,,Ranking/content or insufficient evidence
/corridors/vizag-chennai/machilipatnam,2,31,0.06451612903225806,7.516129032258065,,,Ranking/content or insufficient evidence
/research/players/exide-energy-solutions-ltd-eesl,2,31,0.06451612903225806,32.322580645161295,,,Ranking/content or insufficient evidence
/corridors/delhi-mumbai/dadri-boraki,0,31,0.0,6.935483870967742,,,Ranking/content or insufficient evidence
/research/counter-uas/manufacturer/bharat-electronics-limited-bel-mfg-001,0,31,0.0,30.806451612903224,,,Ranking/content or insufficient evidence
/research/counter-uas/manufacturer/israel-aerospace-industries-iai-elta-mfg-024,0,31,0.0,39.70967741935484,,,Ranking/content or insufficient evidence
/research/military-aerospace/company/aiesl,0,31,0.0,11.419354838709678,,,Ranking/content or insufficient evidence
/research/players/resonac-corporation-showa-denko,0,31,0.0,28.806451612903224,,,Ranking/content or insufficient evidence
/research/space/platform/spadex,0,31,0.0,10.387096774193548,,,Ranking/content or insufficient evidence
/research/suppliers,0,31,0.0,36.45161290322581,,,Ranking/content or insufficient evidence
/reports/critical-minerals-strategic-roadmap,2,30,0.06666666666666667,30.8,,,Ranking/content or insufficient evidence
/research/drones-uas/platform/turkish-vestel-karayel-drn-0087,1,30,0.03333333333333333,13.633333333333333,,,Ranking/content or insufficient evidence
/research/drones-uas/company/l3harris-wescam-mfr-068,0,30,0.0,10.233333333333333,,,Ranking/content or insufficient evidence
/research/drones-uas/platform/drdo-ghatak-drn-0008,0,30,0.0,19.5,,,Ranking/content or insufficient evidence
/research/drones-uas/platform/drdo-imperial-eagle-drn-0026,0,30,0.0,9.366666666666667,,,Ranking/content or insufficient evidence
/research/military-aerospace/company/rr,0,30,0.0,25.7,,,Ranking/content or insufficient evidence
/research/players/micron-technology-india-sanand-atmp,0,30,0.0,8.633333333333333,,,Ranking/content or insufficient evidence
/research/players/vehicle-research-and-development-establishment-vrde-drdo,0,30,0.0,10.433333333333334,,,Ranking/content or insufficient evidence
/research/space/company/space-kidz-india,0,30,0.0,32.1,,,Ranking/content or insufficient evidence
/research/space/platform/everest-engine,0,30,0.0,8.4,,,Ranking/content or insufficient evidence
/research/space/platform/navic,0,30,0.0,73.13333333333334,,,Ranking/content or insufficient evidence
/signals/asml-begins-india-operations-lithography-layer-2026,2,29,0.06896551724137931,11.862068965517242,,,Ranking/content or insufficient evidence
/research/suppliers/category/cnc-machining,1,29,0.034482758620689655,14.89655172413793,,,Ranking/content or insufficient evidence
/corridors/cbic-kochi-extension,0,29,0.0,6.896551724137931,,,Ranking/content or insufficient evidence
/research/drones-uas/company/paras-defence-and-space-technologies-ltd-mfr-093,0,29,0.0,27.79310344827586,,,Ranking/content or insufficient evidence
/research/drones-uas/company/tata-advanced-systems-ltd-tasl-mfr-011,0,29,0.0,39.48275862068966,,,Ranking/content or insufficient evidence
/research/pillars/defence/entity/ins-sanshodhak,0,29,0.0,9.89655172413793,,,Ranking/content or insufficient evidence
/research/players/asteria-aerospace,0,29,0.0,17.310344827586206,,,Ranking/content or insufficient evidence
/research/players/cabot-microelectronics-cmc-materials-entegris,0,29,0.0,10.0,,,Ranking/content or insufficient evidence
/reports/india-fab-ecosystem,0,28,0.0,61.67857142857143,,,Ranking/content or insufficient evidence
/research/drones-uas/platform/drdo-lakshya-drn-0019,0,28,0.0,21.678571428571427,,,Ranking/content or insufficient evidence
/research/patents,0,28,0.0,23.5,,,Ranking/content or insufficient evidence
/research/space/company/isro,0,28,0.0,22.678571428571427,,,Ranking/content or insufficient evidence
/signals/dholera-water-signal,0,28,0.0,6.035714285714286,,,Ranking/content or insufficient evidence
/signals/gujarat-chipin-extension-centre-vlsi-design-coe,0,28,0.0,6.642857142857143,,,Ranking/content or insufficient evidence
/reports/quantum-supply-chain,0,27,0.0,15.296296296296296,,,Ranking/content or insufficient evidence
/research/drones-uas/platform/drdo-nishant-drn-0011,0,27,0.0,25.555555555555557,,,Ranking/content or insufficient evidence
/research/drones-uas/platform/iai-harpy-drn-0014,0,27,0.0,37.25925925925926,,,Ranking/content or insufficient evidence
/research/entities/indian-army-orders-indrajaal-ranger-mobile-counter-drone-system,0,27,0.0,17.444444444444443,,,Ranking/content or insufficient evidence
/research/pillars/defence,0,27,0.0,21.666666666666668,,,Ranking/content or insufficient evidence
/research/players/asteria-aerospace-ltd,0,27,0.0,38.7037037037037,,,Ranking/content or insufficient evidence
/signals/drdo-zero-mk-20mk-dilution-refrigerator-tdf-2026,0,27,0.0,7.148148148148148,,,Ranking/content or insufficient evidence
/research/drones-uas/company/general-aeronautics-pvt-ltd-mfr-024,0,26,0.0,36.61538461538461,,,Ranking/content or insufficient evidence
/research/drones-uas/company/ideaforge-technology-ltd-mfr-014,0,26,0.0,22.5,,,Ranking/content or insufficient evidence
/research/players/aerial-delivery-research-and-development-establishment-adrde-drdo,0,26,0.0,10.846153846153847,,,Ranking/content or insufficient evidence
/research/players/rbi-storage-of-payment-system-data-directive-2018,0,26,0.0,19.653846153846153,,,Ranking/content or insufficient evidence
/signals/uttar-pradesh-lands-45000-crore-semiconductor-solar-investments,0,26,0.0,5.3076923076923075,,,Ranking/content or insufficient evidence
/research/drones-uas/platform/skylark-skylark-3-drn-0048,2,25,0.08,28.12,,,Ranking/content or insufficient evidence
/research/space/company/aadyah-space,1,25,0.04,7.4,,,Ranking/content or insufficient evidence
/corridors/delhi-mumbai/auric-shendra-bidkin,0,25,0.0,12.04,,,Ranking/content or insufficient evidence
/research/drones-uas/platform/dhaksha-dh-agrigator-e10-drn-0140,0,25,0.0,8.0,,,Ranking/content or insufficient evidence
/research/drones-uas/platform/solar-industries-nagastra-1-drn-0015,0,25,0.0,23.48,,,Ranking/content or insufficient evidence
/research/entities/lt-precision-engineering-drone-revenue-threefold-growth,0,25,0.0,15.64,,,Ranking/content or insufficient evidence
/research/pillars/critical-minerals,0,25,0.0,8.16,,,Ranking/content or insufficient evidence
/research/players/foxconn-india,0,25,0.0,53.52,,,Ranking/content or insufficient evidence
/research/players/india,0,25,0.0,1.32,,,Ranking/content or insufficient evidence
/research/players/lohum-cleantech-private-limited,0,25,0.0,28.52,,,Ranking/content or insufficient evidence
/research/space/company/antrix,0,25,0.0,33.52,,,Ranking/content or insufficient evidence
/signals/india-joins-france-fcas-sixth-generation-fighter-programme,0,25,0.0,63.16,,,Ranking/content or insufficient evidence
/signals/isro-resumes-launches-gisat-1a-september,0,25,0.0,7.72,,,Ranking/content or insufficient evidence
/signals/tata-dholera-vendor-park-materials-packaging-mous-2026,0,25,0.0,6.76,,,Ranking/content or insufficient evidence
/briefings,1,24,0.041666666666666664,5.125,,,Ranking/content or insufficient evidence
/corridors/amritsar-kolkata/gaya,0,24,0.0,9.166666666666666,,,Ranking/content or insufficient evidence
/newsletter,0,24,0.0,5.625,,,Ranking/content or insufficient evidence
/newsletter/sanket-august-2026,0,24,0.0,6.833333333333333,,,Ranking/content or insufficient evidence
/research/drones-uas/platform/drdo-tapas-bh-rustom-ii-drn-0007,0,24,0.0,20.0,,,Ranking/content or insufficient evidence
/research/drones-uas/platform/ga-asi-mq-9b-seaguardian-drn-0004,0,24,0.0,43.208333333333336,,,Ranking/content or insufficient evidence
/research/drones-uas/platform/ideaforge-switch-uav-3-0-drn-0098,0,24,0.0,16.583333333333336,,,Ranking/content or insufficient evidence
/research/e/technology/single-crystal-turbine-blade-7fe82d,0,24,0.0,22.583333333333332,,,Ranking/content or insufficient evidence
/research/players/indiaai-independent-business-division,0,24,0.0,9.708333333333334,,,Ranking/content or insufficient evidence
/research/players/landt-semiconductor-technologies,0,24,0.0,17.791666666666668,,,Ranking/content or insufficient evidence
/research/players/continental-device-india-pvt-ltd-cdil,1,23,0.043478260869565216,29.130434782608695,,,Ranking/content or insufficient evidence
/reports/drone-electronics-flight-controllers,0,23,0.0,19.130434782608695,,,Ranking/content or insufficient evidence
/research/drones-uas/company/tata-consultancy-services-tcs-mfr-079,0,23,0.0,44.47826086956522,,,Ranking/content or insufficient evidence
/research/military-aerospace/platform/c295,0,23,0.0,7.956521739130435,,,Ranking/content or insufficient evidence
/research/players/drdo-randde-pune,0,23,0.0,14.782608695652174,,,Ranking/content or insufficient evidence
/research/players/gujarat-state-electronics-mission,0,23,0.0,6.956521739130435,,,Ranking/content or insufficient evidence
/research/space/platform/scope-skyroot,0,23,0.0,8.043478260869566,,,Ranking/content or insufficient evidence
/briefings/semicon-2-0-executive-briefing,0,22,0.0,50.81818181818182,,,Ranking/content or insufficient evidence
/corridors/hyderabad-bengaluru/kopparthy-hbic,0,22,0.0,5.5,,,Ranking/content or insufficient evidence
/research/drones-uas/company/asteria-aerospace-ltd-mfr-016,0,22,0.0,33.45454545454545,,,Ranking/content or insufficient evidence
/research/drones-uas/company/drone-federation-of-india-dfi-mfr-090,0,22,0.0,21.09090909090909,,,Ranking/content or insufficient evidence
/research/drones-uas/platform/drdo-panchi-drn-0012,0,22,0.0,13.454545454545455,,,Ranking/content or insufficient evidence
/research/players/department-of-atomic-energy-dae,0,22,0.0,34.68181818181818,,,Ranking/content or insufficient evidence
/research/players/india-stack,0,22,0.0,58.0,,,Ranking/content or insufficient evidence
/research/space/company/newspace-research,0,22,0.0,64.54545454545455,,,Ranking/content or insufficient evidence
/signals/bharat-forge-pratt-whitney-canada-drdo-hale-uav-engine-2026,0,22,0.0,11.636363636363637,,,Ranking/content or insufficient evidence
/signals/maruti-manesar-300kw-green-hydrogen-pilot-scale-gap-2026,0,22,0.0,15.909090909090908,,,Ranking/content or insufficient evidence
/reports/the-sap-question,1,21,0.047619047619047616,6.0,,,Ranking/content or insufficient evidence
/research/players/cohizon-life-sciences-formerly-sajjan-india-ltd,1,21,0.047619047619047616,24.61904761904762,,,Ranking/content or insufficient evidence
/research/players/midwest-advanced-materials-mam,1,21,0.047619047619047616,9.80952380952381,,,Ranking/content or insufficient evidence
/corridors/delhi-mumbai/dholera-sir,0,21,0.0,14.619047619047619,,,Ranking/content or insufficient evidence
/reports/india-green-hydrogen,0,21,0.0,11.380952380952381,,,Ranking/content or insufficient evidence
/research/counter-uas/manufacturer/thales-group-mfg-026,0,21,0.0,32.95238095238095,,,Ranking/content or insufficient evidence
/research/drones-uas/platform/aerovironment-wasp-ae-drn-0039,0,21,0.0,21.61904761904762,,,Ranking/content or insufficient evidence
/research/military-aerospace/company/boeing,0,21,0.0,37.476190476190474,,,Ranking/content or insufficient evidence
/research/military-aerospace/company/tasl,0,21,0.0,28.142857142857142,,,Ranking/content or insufficient evidence
/research/military-aerospace/company/tlmal,0,21,0.0,9.428571428571429,,,Ranking/content or insufficient evidence
/research/pillars/ai-infrastructure,0,21,0.0,24.428571428571427,,,Ranking/content or insufficient evidence
/research/pillars/defence/entity/hindustan-shipyard-limited,0,21,0.0,8.0,,,Ranking/content or insufficient evidence
/research/pillars/defence/entity/self-propelled-mechanical-mine-layers-mml,0,21,0.0,8.428571428571429,,,Ranking/content or insufficient evidence
/research/players/tata-advanced-systems-limited,0,21,0.0,31.952380952380953,,,Ranking/content or insufficient evidence
/signals/aheesa-first-pass-silicon-vihaan-networking-soc,0,21,0.0,7.666666666666667,,,Ranking/content or insufficient evidence
/signals/kabil-argentina-lithium-production-4-5-years,0,21,0.0,7.380952380952381,,,Ranking/content or insufficient evidence
/signals/lt-semiconductor-technologies-osat-shift-india,2,20,0.1,5.9,,,Ranking/content or insufficient evidence
/signals/msc-flags-off-first-import-rail-shipment-adani-icd-malur-bengaluru,1,20,0.05,7.3,,,Ranking/content or insufficient evidence
/research/corridors/critical-minerals,0,20,0.0,56.2,,,Ranking/content or insufficient evidence
/research/drones-uas/platform/drdo-swift-drn-0009,0,20,0.0,12.65,,,Ranking/content or insufficient evidence
/research/entities/india-data-centre-capacity-surges-four-fold,0,20,0.0,37.25,,,Ranking/content or insufficient evidence
/research/entities/sankalp-semiconductor,0,20,0.0,25.65,,,Ranking/content or insufficient evidence
/research/players/github-inc,0,20,0.0,70.05,,,Ranking/content or insufficient evidence
/research/space/platform/drishti-galaxeye,0,20,0.0,54.3,,,Ranking/content or insufficient evidence
/signals/raksha-india-ten-year-defence-diplomacy-roadmap-2026,0,20,0.0,6.8,,,Ranking/content or insufficient evidence
/reports/indian-navy-autonomous-maritime,1,19,0.05263157894736842,8.0,,,Ranking/content or insufficient evidence
/research/drones-uas/platform/schiebel-camcopter-s-100-drn-0041,1,19,0.05263157894736842,17.05263157894737,,,Ranking/content or insufficient evidence
/corridors/odisha-economic/gbk,0,19,0.0,5.2631578947368425,,,Ranking/content or insufficient evidence
/reports/india-ai-compute-corridor-economics,0,19,0.0,10.105263157894736,,,Ranking/content or insufficient evidence
/reports/semicon-2-0-opportunity-map,0,19,0.0,8.263157894736842,,,Ranking/content or insufficient evidence
/research/drones-uas/platform/drdo-imperial-eagle-mk-ii-drn-0118,0,19,0.0,8.052631578947368,,,Ranking/content or insufficient evidence
/research/drones-uas/platform/endureair-sabal-200-drn-0136,0,19,0.0,7.315789473684211,,,Ranking/content or insufficient evidence
/research/drones-uas/platform/iai-harop-drn-0013,0,19,0.0,13.473684210526315,,,Ranking/content or insufficient evidence
/research/entities/electro-optical-infrared-payload,0,19,0.0,51.94736842105263,,,Ranking/content or insufficient evidence
/research/military-aerospace/company/iaf,0,19,0.0,14.052631578947368,,,Ranking/content or insufficient evidence
/research/military-aerospace/company/thales,0,19,0.0,10.31578947368421,,,Ranking/content or insufficient evidence
/research/players/3d-glass-solutions-inc-3dgs,0,19,0.0,19.526315789473685,,,Ranking/content or insufficient evidence
/research/players/cemilac,0,19,0.0,30.31578947368421,,,Ranking/content or insufficient evidence
/signals/d-propulse-demonstrates-india-first-rotating-detonation-engine-trl5,0,19,0.0,12.263157894736842,,,Ranking/content or insufficient evidence
/signals/semicon-2-0-ecosystem-shift,0,19,0.0,9.526315789473685,,,Ranking/content or insufficient evidence
/corridors/new-imcs,2,18,0.1111111111111111,6.555555555555555,,,Ranking/content or insufficient evidence
/research/drones-uas/platform/newspace-alfa-s-drn-0044,1,18,0.05555555555555555,6.666666666666667,,,Ranking/content or insufficient evidence
/corridors/chennai-bengaluru/krishnapatnam,0,18,0.0,11.0,,,Ranking/content or insufficient evidence
/research/players/intel,0,18,0.0,55.611111111111114,,,Ranking/content or insufficient evidence
/research/players/scheme-to-promote-manufacturing-of-sintered-rare-earth-permanent-magnets-repm,0,18,0.0,9.333333333333334,,,Ranking/content or insufficient evidence
/research/space,0,18,0.0,9.222222222222221,,,Ranking/content or insufficient evidence
/research/space/company/galaxeye,0,18,0.0,58.611111111111114,,,Ranking/content or insufficient evidence
/research/space/company/inorbit-space,0,18,0.0,24.5,,,Ranking/content or insufficient evidence
/signals/semicon-2-0-roadmap-7nm-3nm-100000-design-engineers,1,17,0.058823529411764705,6.823529411764706,,,Ranking/content or insufficient evidence
/dependencies/products/propellant-gases-pharma,0,17,0.0,23.823529411764707,,,Ranking/content or insufficient evidence
/reports/india-sensor-economy,0,17,0.0,38.35294117647059,,,Ranking/content or insufficient evidence
/research/drones-uas/platform/kawa-divyastra-mk3-drn-0132,0,17,0.0,10.411764705882353,,,Ranking/content or insufficient evidence
/research/entities/meghraj-gi-cloud,0,17,0.0,52.1764705882353,,,Ranking/content or insufficient evidence
/research/players/goods-and-services-tax-network-gstn,0,17,0.0,36.94117647058823,,,Ranking/content or insufficient evidence
/research/players/scheme-to-promote-manufacturing-of-sintered-rare-earth-permanent-magnets,0,17,0.0,9.705882352941176,,,Ranking/content or insufficient evidence
/research/players/single-crystal-turbine-blade,0,17,0.0,10.058823529411764,,,Ranking/content or insufficient evidence
/signals/ecms-clears-31-electronics-component-projects-7877-crore,0,17,0.0,6.823529411764706,,,Ranking/content or insufficient evidence
/signals/india-data-centre-capacity-1-57-gw-power-policy-2026,0,17,0.0,7.647058823529412,,,Ranking/content or insufficient evidence
/signals/india-france-private-space-deals-sbs-iii-dhruva-safran-2026,0,17,0.0,4.0,,,Ranking/content or insufficient evidence
/research/drones-uas/platform/hal-lakshya-2-pta-drn-0122,1,16,0.0625,17.0,,,Ranking/content or insufficient evidence
/research/drones-uas/platform/ideaforge-switch-mini-drn-0022,1,16,0.0625,7.875,,,Ranking/content or insufficient evidence
/research/military-aerospace/company/ratier,1,16,0.0625,10.75,,,Ranking/content or insufficient evidence
/corridors/amritsar-kolkata/jharkhand,0,16,0.0,7.75,,,Ranking/content or insufficient evidence
/research/drones-uas/platform/drdo-rustom-i-drn-0010,0,16,0.0,28.25,,,Ranking/content or insufficient evidence
/research/e/technology/electronic-design-automation-eda-software-356005,0,16,0.0,43.6875,,,Ranking/content or insufficient evidence
/research/entities/applied-materials-3600-crore-karnataka-semiconductor-mou-2026,0,16,0.0,6.875,,,Ranking/content or insufficient evidence
/research/military-aerospace/platform/c390,0,16,0.0,9.875,,,Ranking/content or insufficient evidence
/research/pillars/defence/entity/akash-tarang-anti-uav-electronic-warfare-system,0,16,0.0,7.6875,,,Ranking/content or insufficient evidence
/research/players/besi-be-semiconductor-industries,0,16,0.0,21.125,,,Ranking/content or insufficient evidence
/research/players/data-patterns-india-limited,0,16,0.0,45.4375,,,Ranking/content or insufficient evidence
/research/players/dupont-electronics-and-industrial,0,16,0.0,35.875,,,Ranking/content or insufficient evidence
/research/players/exide-energy-solutions-gigafactory-bengaluru,0,16,0.0,8.9375,,,Ranking/content or insufficient evidence
/research/players/general-aeronautics,0,16,0.0,32.125,,,Ranking/content or insufficient evidence
/research/players/jio-platforms-limited,0,16,0.0,42.5,,,Ranking/content or insufficient evidence
/research/players/nvidia,0,16,0.0,69.625,,,Ranking/content or insufficient evidence
/signals/applied-materials-5-billion-india-vision-2035-equipment-layer,0,16,0.0,7.0,,,Ranking/content or insufficient evidence
/signals/bel-ananth-technologies-defence-aerospace-electronics-mou,0,16,0.0,8.8125,,,Ranking/content or insufficient evidence
/research/e/mine/kawalapur-rare-earth-elements-block-0f0145,1,15,0.06666666666666667,10.066666666666666,,,Ranking/content or insufficient evidence
/research/entities/water-behind-indias-semiconductor-ambitions,1,15,0.06666666666666667,6.866666666666666,,,Ranking/content or insufficient evidence
/research/drones-uas/company/q-alpha-aerospace-qalpha-mfr-105,0,15,0.0,5.266666666666667,,,Ranking/content or insufficient evidence
/research/drones-uas/platform/endureair-sabal-20-drn-0138,0,15,0.0,14.533333333333333,,,Ranking/content or insufficient evidence
/research/e/mineral_material/photoresist-e28124,0,15,0.0,53.13333333333333,,,Ranking/content or insufficient evidence
/research/pillars/defence/entity/active-protection-system-for-tanks,0,15,0.0,18.866666666666667,,,Ranking/content or insufficient evidence
/research/players/chips-to-startup-c2s-programme,0,15,0.0,18.733333333333334,,,Ranking/content or insufficient evidence
/research/players/general-atomics-aeronautical-systems-ga-asi,0,15,0.0,66.46666666666667,,,Ranking/content or insufficient evidence
/research/players/ntt-global-data-centers-india-2,0,15,0.0,51.06666666666667,,,Ranking/content or insufficient evidence
/research/players/rv-vlsi-design-center,0,15,0.0,32.53333333333333,,,Ranking/content or insufficient evidence
/research/players/vem-technologies-pvt-ltd,0,15,0.0,19.666666666666668,,,Ranking/content or insufficient evidence
/research/space/company/pixxel,0,15,0.0,61.2,,,Ranking/content or insufficient evidence
/signals/divyastra-mk3-india-first-indigenous-jet-powered-loitering-munition,0,15,0.0,33.733333333333334,,,Ranking/content or insufficient evidence
/research/military-aerospace/company/lnt-defence,1,14,0.07142857142857142,8.142857142857142,,,Ranking/content or insufficient evidence
/signals/asip-osat-visakhapatnam,1,14,0.07142857142857142,18.0,,,Ranking/content or insufficient evidence
/corridors/amritsar-kolkata/agra,0,14,0.0,9.0,,,Ranking/content or insufficient evidence
/corridors/cbic-kochi-extension/palakkad,0,14,0.0,7.142857142857143,,,Ranking/content or insufficient evidence
/research/drones-uas/company/baykar-technologies-mfr-052,0,14,0.0,26.785714285714285,,,Ranking/content or insufficient evidence
/research/drones-uas/company/wipro-mfr-081,0,14,0.0,8.214285714285715,,,Ranking/content or insufficient evidence
/research/drones-uas/platform/baykar-bayraktar-tb2-drn-0069,0,14,0.0,26.214285714285715,,,Ranking/content or insufficient evidence
/research/drones-uas/platform/iai-heron-tp-drn-0002,0,14,0.0,14.857142857142858,,,Ranking/content or insufficient evidence
/research/entities/bel-ananth-technologies-defence-aerospace-electronics-mou,0,14,0.0,8.142857142857142,,,Ranking/content or insufficient evidence
/research/entities/midwest-advanced-materials,0,14,0.0,8.428571428571429,,,Ranking/content or insufficient evidence
/research/players/amara-raja-energy-and-mobility-ltd-aract,0,14,0.0,10.571428571428571,,,Ranking/content or insufficient evidence
/research/players/asm-technologies-semiconductor-division,0,14,0.0,28.142857142857142,,,Ranking/content or insufficient evidence
/research/players/graphite-india-limited,0,14,0.0,61.0,,,Ranking/content or insufficient evidence
/research/players/linde-india-limited,0,14,0.0,18.071428571428573,,,Ranking/content or insufficient evidence
/research/players/national-critical-mineral-mission,0,14,0.0,34.857142857142854,,,Ranking/content or insufficient evidence
/research/players/national-informatics-centre-nic,0,14,0.0,36.214285714285715,,,Ranking/content or insufficient evidence
/research/players/unimicron-technology,0,14,0.0,13.928571428571429,,,Ranking/content or insufficient evidence
/research/space/company/agnikul-cosmos,0,14,0.0,31.142857142857142,,,Ranking/content or insufficient evidence
/research/space/company/blue-origin,0,14,0.0,72.21428571428571,,,Ranking/content or insufficient evidence
/corridors/cbic-kochi-extension/salem-dharmapuri,1,13,0.07692307692307693,6.6923076923076925,,,Ranking/content or insufficient evidence
/signals/india-defence-psus-surge-capacity-indigenisation-roadmap-2026,1,13,0.07692307692307693,5.538461538461538,,,Ranking/content or insufficient evidence
/research/counter-uas/manufacturer/aselsan-mfg-036,0,13,0.0,36.23076923076923,,,Ranking/content or insufficient evidence
/research/drones-uas/company/kawa-uav-hoverit-mfr-098,0,13,0.0,15.307692307692308,,,Ranking/content or insufficient evidence
/research/drones-uas/platform/adani-drishti-10-drn-0006,0,13,0.0,9.538461538461538,,,Ranking/content or insufficient evidence
/research/drones-uas/platform/drdo-netra-original-v1-drn-0049,0,13,0.0,50.0,,,Ranking/content or insufficient evidence
/research/drones-uas/platform/general-aeronautics-ga-3-drn-0035,0,13,0.0,60.53846153846154,,,Ranking/content or insufficient evidence
/research/drones-uas/platform/iai-heron-drn-0001,0,13,0.0,21.846153846153847,,,Ranking/content or insufficient evidence
/research/entities/cg-semi-private-limited,0,13,0.0,9.615384615384615,,,Ranking/content or insufficient evidence
/research/entities/electronic-design-automation-eda-software,0,13,0.0,55.30769230769231,,,Ranking/content or insufficient evidence
/research/entities/lohum-cleantech-private-limited,0,13,0.0,31.692307692307693,,,Ranking/content or insufficient evidence
/research/military-aerospace/company/ceinsys,0,13,0.0,51.07692307692308,,,Ranking/content or insufficient evidence
/research/military-aerospace/company/mahindra-defence,0,13,0.0,13.461538461538462,,,Ranking/content or insufficient evidence
/research/pillars/defence/entity/multi-role-fighter-aircraft-mrfa-rafale,0,13,0.0,13.846153846153847,,,Ranking/content or insufficient evidence
/research/players/cg-semi-private-limited,0,13,0.0,38.46153846153846,,,Ranking/content or insufficient evidence
/research/players/frappe-technologies-erpnext,0,13,0.0,22.307692307692307,,,Ranking/content or insufficient evidence
/research/players/google-cloud-delhi-ncr-region,0,13,0.0,69.92307692307692,,,Ranking/content or insufficient evidence
/research/players/heliper-systems,0,13,0.0,3.769230769230769,,,Ranking/content or insufficient evidence
/research/players/mitsui-high-tec-inc,0,13,0.0,4.384615384615385,,,Ranking/content or insufficient evidence
/research/players/sicsem-private-limited,0,13,0.0,12.615384615384615,,,Ranking/content or insufficient evidence
/research/space/company/cosmoserv-space,0,13,0.0,8.923076923076923,,,Ranking/content or insufficient evidence
/research/space/company/hex20,0,13,0.0,13.153846153846153,,,Ranking/content or insufficient evidence
/signals/india-belgium-strategic-partnership-semiconductors-critical-minerals-defence-2026,0,13,0.0,6.076923076923077,,,Ranking/content or insufficient evidence
/research/drones-uas/platform/ideaforge-netra-v4-pro-drn-0024,1,12,0.08333333333333333,31.666666666666668,,,Ranking/content or insufficient evidence
/briefings/industrial-cooling-opportunities-in-india,0,12,0.0,74.33333333333333,,,Ranking/content or insufficient evidence
/corridors/delhi-nagpur/delhi,0,12,0.0,7.916666666666667,,,Ranking/content or insufficient evidence
/reports/india-drone-propulsion-opportunity,0,12,0.0,18.0,,,Ranking/content or insufficient evidence
/reports/the-sme-playbook-for-indias-drone-economy,0,12,0.0,32.58333333333333,,,Ranking/content or insufficient evidence
/research/counter-uas/manufacturer/rafael-advanced-defense-systems-mfg-023,0,12,0.0,32.91666666666667,,,Ranking/content or insufficient evidence
/research/counter-uas/system/sm-netra-anti-drone-system-cus-012,0,12,0.0,5.416666666666667,,,Ranking/content or insufficient evidence
/research/drones-uas/company/indrones-solutions-mfr-057,0,12,0.0,46.666666666666664,,,Ranking/content or insufficient evidence
/research/drones-uas/platform/aerovironment-rq-11b-raven-drn-0040,0,12,0.0,54.0,,,Ranking/content or insufficient evidence
/research/entities/india-armenia-pralay-ballistic-missile-export-talks,0,12,0.0,8.416666666666668,,,Ranking/content or insufficient evidence
/research/entities/kal-indigenous-long-range-attack-drone-pokhran-trial-2026,0,12,0.0,3.1666666666666665,,,Ranking/content or insufficient evidence
/research/military-aerospace/dependency/c130j-propeller,0,12,0.0,13.25,,,Ranking/content or insufficient evidence
/research/military-aerospace/dependency/c295-apu,0,12,0.0,7.25,,,Ranking/content or insufficient evidence
/research/players/advanced-system-in-package-technologies-pvt-ltd-asip,0,12,0.0,18.833333333333332,,,Ranking/content or insufficient evidence
/research/players/applied-materials-inc,0,12,0.0,42.083333333333336,,,Ranking/content or insufficient evidence
/research/players/atands-india-nanjangud-plant,0,12,0.0,10.416666666666666,,,Ranking/content or insufficient evidence
/research/players/ctrls-datacenters,0,12,0.0,34.083333333333336,,,Ranking/content or insufficient evidence
/research/players/dhl-global-forwarding-india,0,12,0.0,15.583333333333334,,,Ranking/content or insufficient evidence
/research/players/iocl-paradip-refinery,0,12,0.0,35.666666666666664,,,Ranking/content or insufficient evidence
/research/players/munitions-india-limited,0,12,0.0,27.0,,,Ranking/content or insufficient evidence
/research/players/sicsem-pvt-ltd,0,12,0.0,26.333333333333332,,,Ranking/content or insufficient evidence
/research/players/specialty-semiconductor-gases-and-photoresist,0,12,0.0,8.666666666666668,,,Ranking/content or insufficient evidence
/research/space/company/dhruva-space,0,12,0.0,39.666666666666664,,,Ranking/content or insufficient evidence
/research/space/company/xdlinx-space,0,12,0.0,16.5,,,Ranking/content or insufficient evidence
/research/suppliers/state/tamil-nadu,0,12,0.0,37.333333333333336,,,Ranking/content or insufficient evidence
/signals/coal-india-singapore-subsidiary-critical-mineral-assets,0,12,0.0,11.666666666666666,,,Ranking/content or insufficient evidence
/signals/india-glass-substrate-frontier-entry,0,12,0.0,13.083333333333334,,,Ranking/content or insufficient evidence
/signals/lt-together-ai-nvidia-b300-ai-factory-chennai,0,12,0.0,5.75,,,Ranking/content or insufficient evidence
/signals/critical-minerals-recycling-concept-paper-secondary-supply-2026,2,11,0.18181818181818182,4.363636363636363,,,Ranking/content or insufficient evidence
/reports/q-day-india/executive-summary,1,11,0.09090909090909091,9.909090909090908,,,Ranking/content or insufficient evidence
/research/drones-uas/platform/drdo-abhyas-drn-0020,1,11,0.09090909090909091,18.363636363636363,,,Ranking/content or insufficient evidence
/corridors/odisha-economic/pkds,0,11,0.0,3.727272727272727,,,Ranking/content or insufficient evidence
/research/corridors/ai-infrastructure,0,11,0.0,49.72727272727273,,,Ranking/content or insufficient evidence
/research/counter-uas/system/bharat-dynamics-limited-bdl-counter-drone-cus-060,0,11,0.0,6.636363636363637,,,Ranking/content or insufficient evidence
/research/drones-uas/company/diamond-aircraft-industries-mfr-074,0,11,0.0,19.545454545454547,,,Ranking/content or insufficient evidence
/research/drones-uas/company/elbit-systems-mfr-003,0,11,0.0,6.7272727272727275,,,Ranking/content or insufficient evidence
/research/drones-uas/company/garuda-aerospace-pvt-ltd-mfr-015,0,11,0.0,5.454545454545454,,,Ranking/content or insufficient evidence
/research/drones-uas/company/schiebel-elektronische-ger-te-gmbh-mfr-005,0,11,0.0,39.09090909090909,,,Ranking/content or insufficient evidence
/research/drones-uas/platform/drdo-cats-hunter-drn-0083,0,11,0.0,21.181818181818183,,,Ranking/content or insufficient evidence
/research/drones-uas/platform/drdo-cats-warrior-drn-0082,0,11,0.0,19.272727272727273,,,Ranking/content or insufficient evidence
/research/drones-uas/platform/iai-green-dragon-drn-0103,0,11,0.0,8.545454545454547,,,Ranking/content or insufficient evidence
/research/drones-uas/platform/ideaforge-switch-v2-drn-0142,0,11,0.0,23.363636363636363,,,Ranking/content or insufficient evidence
/research/entities/india-joins-france-fcas-sixth-generation-fighter-programme,0,11,0.0,49.63636363636363,,,Ranking/content or insufficient evidence
/research/entities/outsourced-semiconductor-assembly-and-test,0,11,0.0,19.90909090909091,,,Ranking/content or insufficient evidence
/research/military-aerospace/dependency/c130j-radar,0,11,0.0,7.818181818181818,,,Ranking/content or insufficient evidence
/research/players/advantest-corporation,0,11,0.0,48.90909090909091,,,Ranking/content or insufficient evidence
/research/players/air-india,0,11,0.0,24.363636363636363,,,Ranking/content or insufficient evidence
/research/players/bureau-of-indian-standards-bis,0,11,0.0,43.90909090909091,,,Ranking/content or insufficient evidence
/research/players/china,0,11,0.0,16.090909090909093,,,Ranking/content or insufficient evidence
/research/players/combat-vehicles-research-and-development-establishment,0,11,0.0,21.0,,,Ranking/content or insufficient evidence
/research/players/electronics-and-radar-development-establishment,0,11,0.0,12.272727272727273,,,Ranking/content or insufficient evidence
/research/players/eon-space-labs,0,11,0.0,31.545454545454547,,,Ranking/content or insufficient evidence
/research/players/ideaforge-technology-ltd,0,11,0.0,37.09090909090909,,,Ranking/content or insufficient evidence
/research/players/india-cellular-and-electronics-association-icea,0,11,0.0,15.818181818181818,,,Ranking/content or insufficient evidence
/research/players/kritikal-securescan,0,11,0.0,12.363636363636363,,,Ranking/content or insufficient evidence
/research/players/reasi-lithium-deposit-salal-haimana-jandk,0,11,0.0,16.90909090909091,,,Ranking/content or insufficient evidence
/research/players/sify-mumbai-03-rabale,0,11,0.0,38.81818181818182,,,Ranking/content or insufficient evidence
/research/players/tokyo-ohka-kogyo-co-ltd-tok,0,11,0.0,8.363636363636363,,,Ranking/content or insufficient evidence
/research/players/toyotsu-rare-earths-india-private-limited,0,11,0.0,14.909090909090908,,,Ranking/content or insufficient evidence
/research/space/company/kepler-aerospace,0,11,0.0,15.545454545454545,,,Ranking/content or insufficient evidence
/signals/ai-opportunity-surfaces-india,0,11,0.0,14.909090909090908,,,Ranking/content or insufficient evidence
/signals/applied-materials-3600-crore-karnataka-semiconductor-mou-2026,0,11,0.0,9.909090909090908,,,Ranking/content or insufficient evidence
/signals/coal-india-critical-minerals-advanced-materials-platform-2026,0,11,0.0,7.090909090909091,,,Ranking/content or insufficient evidence
/dependencies/products/silicon-metal,0,10,0.0,22.1,,,Ranking/content or insufficient evidence
/dependencies/states/maharashtra,0,10,0.0,46.2,,,Ranking/content or insufficient evidence
/reports/dholera-semiconductor-supplier-ecosystem,0,10,0.0,8.0,,,Ranking/content or insufficient evidence
/research/counter-uas/manufacturer/c-dac-centre-for-development-of-advanced-computing-mfg-010,0,10,0.0,10.1,,,Ranking/content or insufficient evidence
/research/counter-uas/manufacturer/hindustan-aeronautics-limited-hal-mfg-017,0,10,0.0,31.9,,,Ranking/content or insufficient evidence
/research/counter-uas/system/anti-drone-system-x-mk3-cus-006,0,10,0.0,50.6,,,Ranking/content or insufficient evidence
/research/counter-uas/system/tata-advanced-systems-cuas-cus-056,0,10,0.0,6.2,,,Ranking/content or insufficient evidence
/research/drones-uas/company/hindustan-aeronautics-limited-hal-mfr-009,0,10,0.0,3.7,,,Ranking/content or insufficient evidence
/research/entities/dhaksha-unmanned-systems,0,10,0.0,23.6,,,Ranking/content or insufficient evidence
/research/entities/ecms-clears-31-electronics-component-projects-7877-crore,0,10,0.0,14.4,,,Ranking/content or insufficient evidence
/research/entities/india-loitering-munitions-market,0,10,0.0,40.5,,,Ranking/content or insufficient evidence
/research/entities/indian-army-orders-840-one-way-attack-drones-tata-nibe,0,10,0.0,8.8,,,Ranking/content or insufficient evidence
/research/entities/kawalapur-rare-earth-elements-block,0,10,0.0,8.3,,,Ranking/content or insufficient evidence
/research/entities/single-crystal-turbine-blade,0,10,0.0,18.1,,,Ranking/content or insufficient evidence
/research/entities/tata-semiconductor-assembly-and-test-tsat,0,10,0.0,8.7,,,Ranking/content or insufficient evidence
/research/entities/tonbo-imaging,0,10,0.0,29.7,,,Ranking/content or insufficient evidence
/research/entities/vedanta-punnam-manganese-block-andhra-pradesh,0,10,0.0,6.5,,,Ranking/content or insufficient evidence
/research/military-aerospace/company/telair,0,10,0.0,11.0,,,Ranking/content or insufficient evidence
/research/military-aerospace/dependency/c295-propeller,0,10,0.0,10.5,,,Ranking/content or insufficient evidence
/research/military-aerospace/platform/il76,0,10,0.0,9.2,,,Ranking/content or insufficient evidence
/research/pillars/defence/entity/defence-research-and-development-organisation,0,10,0.0,21.3,,,Ranking/content or insufficient evidence
/research/players/azure-central-india-pune,0,10,0.0,48.8,,,Ranking/content or insufficient evidence
/research/players/india-chip-pvt-ltd-hcl-foxconn-jv,0,10,0.0,9.9,,,Ranking/content or insufficient evidence
/research/players/instruments-research-and-development-establishment,0,10,0.0,13.8,,,Ranking/content or insufficient evidence
/research/players/pli-scheme-for-drones-and-drone-components,0,10,0.0,15.5,,,Ranking/content or insufficient evidence
/research/players/tata-electronics-private-limited,0,10,0.0,51.1,,,Ranking/content or insufficient evidence
/research/players/yotta-data-services,0,10,0.0,44.1,,,Ranking/content or insufficient evidence
/research/players/yotta-nm1-navi-mumbai,0,10,0.0,30.1,,,Ranking/content or insufficient evidence
/research/space/company/nspace-tech,0,10,0.0,9.9,,,Ranking/content or insufficient evidence
/research/space/company/takeme2space,0,10,0.0,8.8,,,Ranking/content or insufficient evidence
/research/pillars/defence/entity/uttam-aesa-radar,2,9,0.2222222222222222,9.777777777777779,,,Ranking/content or insufficient evidence
/research/drones-uas/company/botlab-dynamics-mfr-100,1,9,0.1111111111111111,18.88888888888889,,,Ranking/content or insufficient evidence
/account,0,9,0.0,3.7777777777777777,,,Ranking/content or insufficient evidence
/dependencies/products/tft-lcd-panels,0,9,0.0,42.55555555555556,,,Ranking/content or insufficient evidence
/reports/beyond-solar-panels/executive-summary,0,9,0.0,4.888888888888889,,,Ranking/content or insufficient evidence
/research/counter-uas/manufacturer/hensoldt-mfg-028,0,9,0.0,36.77777777777778,,,Ranking/content or insufficient evidence
/research/counter-uas/manufacturer/paras-defence-and-space-technologies-mfg-004,0,9,0.0,23.11111111111111,,,Ranking/content or insufficient evidence
/research/counter-uas/system/iai-drone-guard-cus-027,0,9,0.0,8.555555555555555,,,Ranking/content or insufficient evidence
/research/counter-uas/system/indrajaal-anti-drone-system-cus-005,0,9,0.0,12.88888888888889,,,Ranking/content or insufficient evidence
/research/drones-uas/company/apollyon-dynamics-mfr-101,0,9,0.0,19.22222222222222,,,Ranking/content or insufficient evidence
/research/drones-uas/company/raphe-mphibr-mfr-049,0,9,0.0,28.22222222222222,,,Ranking/content or insufficient evidence
/research/drones-uas/platform/ideaforge-q4-inspire-drn-0099,0,9,0.0,7.777777777777778,,,Ranking/content or insufficient evidence
/research/drones-uas/platform/kalyani-bharat-forge-uav-structure-kit-drn-0063,0,9,0.0,11.0,,,Ranking/content or insufficient evidence
/research/entities/advanced-system-in-package-technologies-pvt-ltd-asip,0,9,0.0,25.555555555555557,,,Ranking/content or insufficient evidence
/research/entities/indian-air-force-pokhran-unmanned-systems-showcase-september-2026,0,9,0.0,6.222222222222222,,,Ranking/content or insufficient evidence
/research/entities/indian-oil-corporation-iocl,0,9,0.0,20.666666666666668,,,Ranking/content or insufficient evidence
/research/entities/iocl-paradip-refinery,0,9,0.0,33.77777777777778,,,Ranking/content or insufficient evidence
/research/entities/magnet-free-motors-rare-earth-value-chain,0,9,0.0,9.777777777777779,,,Ranking/content or insufficient evidence
/research/entities/mod-586-crore-apu-t72-t90-make-ii-2026,0,9,0.0,6.444444444444445,,,Ranking/content or insufficient evidence
/research/entities/msc-flags-off-first-import-rail-shipment-adani-icd-malur-bengaluru,0,9,0.0,7.222222222222222,,,Ranking/content or insufficient evidence
/research/entities/sify-mumbai-03-rabale,0,9,0.0,37.77777777777778,,,Ranking/content or insufficient evidence
/research/military-aerospace/company/antonov,0,9,0.0,7.888888888888889,,,Ranking/content or insufficient evidence
/research/pillars/defence/entity/air-ship-based-high-altitude-pseudo-satellite-as-haps,0,9,0.0,11.222222222222221,,,Ranking/content or insufficient evidence
/research/players/adani-defence-and-aerospace-2,0,9,0.0,19.333333333333332,,,Ranking/content or insufficient evidence
/research/players/atands-india,0,9,0.0,11.0,,,Ranking/content or insufficient evidence
/research/players/c-dac-trivandrum-vega-microprocessor,0,9,0.0,11.222222222222221,,,Ranking/content or insufficient evidence
/research/players/cg-semi-pvt-ltd-cg-power-renesas-jv,0,9,0.0,18.444444444444443,,,Ranking/content or insufficient evidence
/research/players/cyient-ltd,0,9,0.0,36.22222222222222,,,Ranking/content or insufficient evidence
/research/players/gacl-gujarat-alkalies-and-chemicals-limited,0,9,0.0,23.77777777777778,,,Ranking/content or insufficient evidence
/research/players/general-aeronautics-pvt-ltd,0,9,0.0,24.77777777777778,,,Ranking/content or insufficient evidence
/research/players/google-cloud,0,9,0.0,62.55555555555556,,,Ranking/content or insufficient evidence
/research/players/hindustan-aeronautics-limited,0,9,0.0,11.0,,,Ranking/content or insufficient evidence
/research/players/incore-semiconductors,0,9,0.0,43.44444444444444,,,Ranking/content or insufficient evidence
/research/players/rare-earth-elements-neodymium-praseodymium,0,9,0.0,61.666666666666664,,,Ranking/content or insufficient evidence
/research/space/company/department-of-space,0,9,0.0,23.333333333333332,,,Ranking/content or insufficient evidence
/research/space/company/digantara,0,9,0.0,41.22222222222222,,,Ranking/content or insufficient evidence
/research/space/platform/rudra-arka-bellatrix,0,9,0.0,8.222222222222221,,,Ranking/content or insufficient evidence
/signals/mod-586-crore-apu-t72-t90-make-ii-2026,0,9,0.0,7.111111111111111,,,Ranking/content or insufficient evidence
/research/players/c-dac-chipin-centre-bengaluru,1,8,0.125,16.125,,,Ranking/content or insufficient evidence
/signals/izi-demonstrates-vana-tethered-drone-indian-army-5000-unit-procurement,1,8,0.125,5.625,,,Ranking/content or insufficient evidence
/dependencies/products/asml-lithography-scanners,0,8,0.0,42.125,,,Ranking/content or insufficient evidence
/research/counter-uas/system/blue-halo-locust-laser-cus-053,0,8,0.0,19.125,,,Ranking/content or insufficient evidence
/research/counter-uas/system/integrated-counter-drone-system-cus-001,0,8,0.0,51.875,,,Ranking/content or insufficient evidence
/research/drones-uas/company/anduril-industries-mfr-108,0,8,0.0,71.0,,,Ranking/content or insufficient evidence
/research/drones-uas/company/dhaksha-unmanned-systems-mfr-097,0,8,0.0,41.625,,,Ranking/content or insufficient evidence
/research/drones-uas/platform/asteria-a-200-apollo-drn-0033,0,8,0.0,9.875,,,Ranking/content or insufficient evidence
/research/drones-uas/platform/bel-counter-uas-system-drn-0042,0,8,0.0,5.125,,,Ranking/content or insufficient evidence
/research/drones-uas/platform/chinese-ch-4-drn-0088,0,8,0.0,24.875,,,Ranking/content or insufficient evidence
/research/drones-uas/platform/garuda-drona-1-drn-0029,0,8,0.0,10.125,,,Ranking/content or insufficient evidence
/research/drones-uas/platform/marut-ag-365-drn-0046,0,8,0.0,7.625,,,Ranking/content or insufficient evidence
/research/entities/cabot-microelectronics-cmc-materials-entegris,0,8,0.0,9.375,,,Ranking/content or insufficient evidence
/research/entities/china-aerospace-science-and-technology-corp-casc,0,8,0.0,67.0,,,Ranking/content or insufficient evidence
/research/entities/exide-energy-solutions-ltd-eesl,0,8,0.0,55.25,,,Ranking/content or insufficient evidence
/research/entities/india-chip-pvt-ltd-hcl-foxconn-jv,0,8,0.0,14.375,,,Ranking/content or insufficient evidence
/research/entities/izi-demonstrates-vana-tethered-drone-indian-army-5000-unit-procurement,0,8,0.0,6.75,,,Ranking/content or insufficient evidence
/research/entities/jagiroad-semiconductor-cluster,0,8,0.0,14.75,,,Ranking/content or insufficient evidence
/research/entities/lt-semiconductor-technologies-osat-shift-india,0,8,0.0,7.5,,,Ranking/content or insufficient evidence
/research/entities/semicon-2-0-roadmap-7nm-3nm-100000-design-engineers,0,8,0.0,7.375,,,Ranking/content or insufficient evidence
/research/entities/sixth-positive-indigenisation-list-405-defence-items,0,8,0.0,8.25,,,Ranking/content or insufficient evidence
/research/military-aerospace/platform/c130j,0,8,0.0,7.75,,,Ranking/content or insufficient evidence
/research/pillars/defence/entity/electronic-warfare-systems,0,8,0.0,55.125,,,Ranking/content or insufficient evidence
/research/players/azad-engineering-limited,0,8,0.0,8.25,,,Ranking/content or insufficient evidence
/research/players/bharat-forge-limited-kalyani-strategic-systems,0,8,0.0,16.75,,,Ranking/content or insufficient evidence
/research/players/broadcom-inc,0,8,0.0,45.375,,,Ranking/content or insufficient evidence
/research/players/coal-india-limited-cil,0,8,0.0,38.0,,,Ranking/content or insufficient evidence
/research/players/defence-research-and-development-laboratory,0,8,0.0,48.5,,,Ranking/content or insufficient evidence
/research/players/dhaksha-unmanned-systems,0,8,0.0,24.5,,,Ranking/content or insufficient evidence
/research/players/ideaforge-technology-limited,0,8,0.0,36.625,,,Ranking/content or insufficient evidence
/research/players/larsen-and-toubro-landt-defence,0,8,0.0,27.875,,,Ranking/content or insufficient evidence
/research/players/manageengine-zoho-corp,0,8,0.0,49.875,,,Ranking/content or insufficient evidence
/research/players/micron-atmp-sanand,0,8,0.0,14.375,,,Ranking/content or insufficient evidence
/research/players/qure-ai,0,8,0.0,59.625,,,Ranking/content or insufficient evidence
/research/sources,0,8,0.0,6.875,,,Ranking/content or insufficient evidence
/research/space/company/eon-space-labs,0,8,0.0,19.0,,,Ranking/content or insufficient evidence
/research/space/company/space-fields,0,8,0.0,10.625,,,Ranking/content or insufficient evidence
/resources,0,8,0.0,3.5,,,Ranking/content or insufficient evidence
/signals/drdo-gallium-nitride-gan-radar-electronic-warfare-indigenous-2026,0,8,0.0,9.25,,,Ranking/content or insufficient evidence
/signals/india-manufacturing-chokepoints-cmdi,0,8,0.0,6.5,,,Ranking/content or insufficient evidence
/signals/kal-indigenous-long-range-attack-drone-pokhran-trial-2026,0,8,0.0,6.125,,,Ranking/content or insufficient evidence
/signals/magnet-free-motors-rare-earth-value-chain,0,8,0.0,9.375,,,Ranking/content or insufficient evidence
/signals/sixth-positive-indigenisation-list-405-defence-items,0,8,0.0,50.125,,,Ranking/content or insufficient evidence
/signals/india-uk-autonomous-systems-working-group,1,7,0.14285714285714285,5.285714285714286,,,Ranking/content or insufficient evidence
/dependencies/products/asic-design-ip,0,7,0.0,54.0,,,Ranking/content or insufficient evidence
/reports/beyond-sea-drones-india-autonomous-maritime-systems,0,7,0.0,85.14285714285714,,,Ranking/content or insufficient evidence
/reports/beyond-solar-panels,0,7,0.0,4.857142857142857,,,Ranking/content or insufficient evidence
/reports/india-battlefield-automation-gap,0,7,0.0,17.428571428571427,,,Ranking/content or insufficient evidence
/reports/theme/semiconductor-ecosystems,0,7,0.0,36.0,,,Ranking/content or insufficient evidence
/research/counter-uas/manufacturer/fortem-technologies-mfg-022,0,7,0.0,28.857142857142858,,,Ranking/content or insufficient evidence
/research/counter-uas/manufacturer/tata-advanced-systems-tasl-mfg-014,0,7,0.0,47.0,,,Ranking/content or insufficient evidence
/research/counter-uas/system/astra-counter-drone-system-cus-011,0,7,0.0,42.0,,,Ranking/content or insufficient evidence
/research/counter-uas/system/rtx-high-energy-laser-weapon-system-helws-cus-036,0,7,0.0,7.285714285714286,,,Ranking/content or insufficient evidence
/research/counter-uas/system/sagar-manthan-anti-drone-system-cus-017,0,7,0.0,6.0,,,Ranking/content or insufficient evidence
/research/counter-uas/system/zen-anti-drone-system-zads-cus-003,0,7,0.0,9.857142857142858,,,Ranking/content or insufficient evidence
/research/dependencies,0,7,0.0,7.428571428571429,,,Ranking/content or insufficient evidence
/research/drones-uas/company/aero360-mfr-027,0,7,0.0,8.285714285714285,,,Ranking/content or insufficient evidence
/research/drones-uas/company/carbon-based-uav-solutions-mfr-065,0,7,0.0,9.142857142857142,,,Ranking/content or insufficient evidence
/research/drones-uas/company/droneacharya-aerial-innovations-mfr-038,0,7,0.0,22.428571428571427,,,Ranking/content or insufficient evidence
/research/drones-uas/company/skylark-drones-mfr-026,0,7,0.0,30.0,,,Ranking/content or insufficient evidence
/research/drones-uas/platform/apollyon-ahuti-drn-0135,0,7,0.0,15.0,,,Ranking/content or insufficient evidence
/research/drones-uas/platform/bhel-cargomark-1-drn-0130,0,7,0.0,4.857142857142857,,,Ranking/content or insufficient evidence
/research/drones-uas/platform/botlab-atri-drn-0144,0,7,0.0,4.714285714285714,,,Ranking/content or insufficient evidence
/research/drones-uas/platform/drdo-airborne-sigint-pod-uav-concept-drn-0043,0,7,0.0,30.285714285714285,,,Ranking/content or insufficient evidence
/research/drones-uas/platform/elbit-hermes-900-drn-0005,0,7,0.0,15.142857142857142,,,Ranking/content or insufficient evidence
/research/drones-uas/platform/garuda-agri-drone-drn-0031,0,7,0.0,11.857142857142858,,,Ranking/content or insufficient evidence
/research/drones-uas/platform/hal-lakshya-mk-ii-drn-0121,0,7,0.0,33.142857142857146,,,Ranking/content or insufficient evidence
/research/drones-uas/platform/techeagle-vertiplane-x-4-drn-0036,0,7,0.0,10.571428571428571,,,Ranking/content or insufficient evidence
/research/e/standard/rbi-storage-of-payment-system-data-directive-2018-fbb7f8,0,7,0.0,29.857142857142858,,,Ranking/content or insufficient evidence
/research/entities/beyond-sea-drones-india-autonomous-maritime-systems,0,7,0.0,51.142857142857146,,,Ranking/content or insufficient evidence
/research/entities/critical-minerals-auction-and-list,0,7,0.0,37.142857142857146,,,Ranking/content or insufficient evidence
/research/entities/kaveri-dry-engine-48-5kn-thrust-ghatak-ucav-2026,0,7,0.0,7.428571428571429,,,Ranking/content or insufficient evidence
/research/entities/semiconductor-osat-supply-chain,0,7,0.0,20.857142857142858,,,Ranking/content or insufficient evidence
/research/entities/tessolve-semiconductor-failure-analysis-lab,0,7,0.0,6.142857142857143,,,Ranking/content or insufficient evidence
/research/military-aerospace/company/maini-precision,0,7,0.0,5.0,,,Ranking/content or insufficient evidence
/research/military-aerospace/dependency/c295-landing-gear,0,7,0.0,8.428571428571429,,,Ranking/content or insufficient evidence
/research/pillars/defence/entity/cochin-shipyard-limited,0,7,0.0,15.142857142857142,,,Ranking/content or insufficient evidence
/research/pillars/defence/entity/indian-army,0,7,0.0,26.0,,,Ranking/content or insufficient evidence
/research/pillars/defence/entity/pinaka-multi-barrel-rocket-launcher,0,7,0.0,47.57142857142857,,,Ranking/content or insufficient evidence
/research/pillars/defence/entity/project-17a-nilgiri-class-stealth-frigate,0,7,0.0,47.142857142857146,,,Ranking/content or insufficient evidence
/research/players/amara-raja-giga-corridor-divitipalli,0,7,0.0,15.285714285714286,,,Ranking/content or insufficient evidence
/research/players/atands-austria-technologie-and-systemtechnik,0,7,0.0,69.0,,,Ranking/content or insufficient evidence
/research/players/aws-asia-pacific-hyderabad,0,7,0.0,63.714285714285715,,,Ranking/content or insufficient evidence
/research/players/cyient-dlm,0,7,0.0,19.142857142857142,,,Ranking/content or insufficient evidence
/research/players/defence-research-and-development-organisation,0,7,0.0,20.714285714285715,,,Ranking/content or insufficient evidence
/research/players/ethereal-aviation,0,7,0.0,24.0,,,Ranking/content or insufficient evidence
/research/players/icmr-indian-council-of-medical-research,0,7,0.0,25.714285714285715,,,Ranking/content or insufficient evidence
/research/players/ig-drones,0,7,0.0,19.285714285714285,,,Ranking/content or insufficient evidence
/research/players/india-semiconductor-mission,0,7,0.0,40.142857142857146,,,Ranking/content or insufficient evidence
/research/players/jio-jamnagar-data-centre,0,7,0.0,26.857142857142858,,,Ranking/content or insufficient evidence
/research/players/khanij-bidesh-india-limited,0,7,0.0,25.0,,,Ranking/content or insufficient evidence
/research/players/ministry-of-defence,0,7,0.0,61.285714285714285,,,Ranking/content or insufficient evidence
/research/players/nvidia-corporation,0,7,0.0,60.0,,,Ranking/content or insufficient evidence
/research/players/rafael-advanced-defense-systems,0,7,0.0,4.428571428571429,,,Ranking/content or insufficient evidence
/research/players/raytheon-coyote-block-1,0,7,0.0,17.857142857142858,,,Ranking/content or insufficient evidence
/research/players/sap-se,0,7,0.0,6.857142857142857,,,Ranking/content or insufficient evidence
/research/players/tata-advanced-materials,0,7,0.0,24.285714285714285,,,Ranking/content or insufficient evidence
/research/players/tata-advanced-systems-tasl,0,7,0.0,53.857142857142854,,,Ranking/content or insufficient evidence
/research/players/tata-semiconductor-fab-dholera,0,7,0.0,21.285714285714285,,,Ranking/content or insufficient evidence
/research/players/vedanta-limited,0,7,0.0,4.428571428571429,,,Ranking/content or insufficient evidence
/research/space/company/bellatrix-aerospace,0,7,0.0,44.0,,,Ranking/content or insufficient evidence
/research/space/company/larsen-toubro-space,0,7,0.0,6.857142857142857,,,Ranking/content or insufficient evidence
/research/space/company/piersight,0,7,0.0,17.285714285714285,,,Ranking/content or insufficient evidence
/research/suppliers/state/gujarat,0,7,0.0,12.714285714285714,,,Ranking/content or insufficient evidence
/signals/csir-nal-indigenous-micro-gas-turbine-engines-uav,0,7,0.0,7.571428571428571,,,Ranking/content or insufficient evidence
/signals/pm-e-drive-776-crore-ev-testing-infrastructure-2026,0,7,0.0,3.5714285714285716,,,Ranking/content or insufficient evidence
/signals/vedanta-punnam-manganese-block-andhra-pradesh,0,7,0.0,7.285714285714286,,,Ranking/content or insufficient evidence
/research/drones-uas/company/bangalore-aeroverse-pvt-ltd-mfr-035,2,6,0.3333333333333333,15.333333333333334,,,Ranking/content or insufficient evidence
/dependencies/products/optical-fibre-preform,1,6,0.16666666666666666,8.333333333333332,,,Ranking/content or insufficient evidence
/research/military-aerospace/platform/an32,1,6,0.16666666666666666,8.166666666666668,,,Ranking/content or insufficient evidence
/research/pillars/defence/entity/advanced-defence-materials-and-superalloys,1,6,0.16666666666666666,2.166666666666667,,,Ranking/content or insufficient evidence
/dependencies/products/electronic-grade-hf,0,6,0.0,25.333333333333332,,,Ranking/content or insufficient evidence
/dependencies/products/mlcc-capacitors,0,6,0.0,55.833333333333336,,,Ranking/content or insufficient evidence
/dependencies/products/rhenium-superalloys-120,0,6,0.0,7.666666666666667,,,Ranking/content or insufficient evidence
/engage,0,6,0.0,2.8333333333333335,,,Ranking/content or insufficient evidence
/newsletter/sanket-july-2026,0,6,0.0,34.833333333333336,,,Ranking/content or insufficient evidence
/reports/india-semiconductor-supply-chain-missing-links,0,6,0.0,75.0,,,Ranking/content or insufficient evidence
/reports/indias-drone-battery-ecosystem,0,6,0.0,5.5,,,Ranking/content or insufficient evidence
/reports/the-opportunity-beyond-the-fab,0,6,0.0,2.0,,,Ranking/content or insufficient evidence
/reports/theme/ai-and-edge-ai,0,6,0.0,9.666666666666666,,,Ranking/content or insufficient evidence
/research/corridors/enterprise-software,0,6,0.0,58.5,,,Ranking/content or insufficient evidence
/research/counter-uas/manufacturer/robin-radar-systems-mfg-038,0,6,0.0,31.333333333333332,,,Ranking/content or insufficient evidence
/research/counter-uas/manufacturer/zen-technologies-mfg-003,0,6,0.0,31.0,,,Ranking/content or insufficient evidence
/research/counter-uas/system/counter-drone-system-ccuas-cus-002,0,6,0.0,76.0,,,Ranking/content or insufficient evidence
/research/counter-uas/system/garuda-anti-drone-system-cus-007,0,6,0.0,7.5,,,Ranking/content or insufficient evidence
/research/counter-uas/system/northrop-grumman-centurion-c-ram-variant-cus-038,0,6,0.0,5.166666666666667,,,Ranking/content or insufficient evidence
/research/drones-uas/company/aerovironment-inc-mfr-004,0,6,0.0,21.666666666666668,,,Ranking/content or insufficient evidence
/research/drones-uas/company/alpha-design-technologies-pvt-ltd-mfr-018,0,6,0.0,8.666666666666668,,,Ranking/content or insufficient evidence
/research/drones-uas/company/bharat-dynamics-limited-bdl-mfr-012,0,6,0.0,30.0,,,Ranking/content or insufficient evidence
/research/drones-uas/company/controp-precision-technologies-mfr-069,0,6,0.0,42.5,,,Ranking/content or insufficient evidence
/research/drones-uas/company/elta-systems-mfr-070,0,6,0.0,33.0,,,Ranking/content or insufficient evidence
/research/drones-uas/company/ethereal-aviation-mfr-087,0,6,0.0,17.833333333333332,,,Ranking/content or insufficient evidence
/research/drones-uas/company/israel-aerospace-industries-iai-mfr-001,0,6,0.0,29.666666666666668,,,Ranking/content or insufficient evidence
/research/drones-uas/company/nibe-ltd-mfr-092,0,6,0.0,25.5,,,Ranking/content or insufficient evidence
/research/drones-uas/company/skydio-mfr-106,0,6,0.0,48.0,,,Ranking/content or insufficient evidence
/research/drones-uas/platform/aerochief-skyhawk-drn-0091,0,6,0.0,6.666666666666667,,,Ranking/content or insufficient evidence
/research/drones-uas/platform/arcanumspace-arc-odin-drn-0145,0,6,0.0,6.166666666666667,,,Ranking/content or insufficient evidence
/research/drones-uas/platform/bharat-dynamics-bdlm-01-drn-0101,0,6,0.0,4.833333333333334,,,Ranking/content or insufficient evidence
/research/drones-uas/platform/drdo-black-kite-drn-0027,0,6,0.0,7.5,,,Ranking/content or insufficient evidence
/research/e/technology/counter-uas-anti-drone-systems-07ff95,0,6,0.0,83.0,,,Ranking/content or insufficient evidence
/research/e/technology/indiaai-compute-portal-bb284d,0,6,0.0,26.0,,,Ranking/content or insufficient evidence
/research/e/university/iit-hyderabad-d603b2,0,6,0.0,42.833333333333336,,,Ranking/content or insufficient evidence
/research/entities/aheesa-first-pass-silicon-vihaan-networking-soc,0,6,0.0,9.666666666666666,,,Ranking/content or insufficient evidence
/research/entities/bharat-electronics-limited-bel-test-lab,0,6,0.0,35.0,,,Ranking/content or insufficient evidence
/research/entities/bharat-heavy-electricals-ltd-bhel,0,6,0.0,29.0,,,Ranking/content or insufficient evidence
/research/entities/coal-india-limited-cil,0,6,0.0,24.5,,,Ranking/content or insufficient evidence
/research/entities/ctrls-datacenters-limited,0,6,0.0,30.166666666666668,,,Ranking/content or insufficient evidence
/research/entities/gacl-gujarat-alkalies-and-chemicals-limited,0,6,0.0,49.666666666666664,,,Ranking/content or insufficient evidence
/research/entities/gujarat-chipin-extension-centre-vlsi-design-coe,0,6,0.0,5.5,,,Ranking/content or insufficient evidence
/research/entities/hindustan-copper-limited-hcl,0,6,0.0,11.166666666666666,,,Ranking/content or insufficient evidence
/research/entities/iaf-autonomous-air-power,0,6,0.0,9.166666666666666,,,Ranking/content or insufficient evidence
/research/entities/incore-semiconductors,0,6,0.0,19.833333333333332,,,Ranking/content or insufficient evidence
/research/entities/ntt-global-data-centers-india-2,0,6,0.0,59.833333333333336,,,Ranking/content or insufficient evidence
/research/entities/pm-modi-5-8-semiconductor-plants-7-8-years,0,6,0.0,13.666666666666666,,,Ranking/content or insufficient evidence
/research/entities/reserve-bank-of-india-rbi,0,6,0.0,29.333333333333332,,,Ranking/content or insufficient evidence
/research/military-aerospace/company/bel,0,6,0.0,29.0,,,Ranking/content or insufficient evidence
/research/pillars/defence/entity/ge-f414-india-manufacturing-pathway,0,6,0.0,5.333333333333333,,,Ranking/content or insufficient evidence
/research/players/adani-defence-and-aerospace,0,6,0.0,18.0,,,Ranking/content or insufficient evidence
/research/players/ail-dixon-technologies-pvt-ltd,0,6,0.0,17.333333333333332,,,Ranking/content or insufficient evidence
/research/players/amazon-web-services,0,6,0.0,48.166666666666664,,,Ranking/content or insufficient evidence
/research/players/amber-enterprises-ems-division,0,6,0.0,6.833333333333333,,,Ranking/content or insufficient evidence
/research/players/aviation-industry-corp-of-china-avic,0,6,0.0,73.83333333333333,,,Ranking/content or insufficient evidence
/research/players/csir-cecri-karaikudi,0,6,0.0,11.333333333333334,,,Ranking/content or insufficient evidence
/research/players/ctrls-datacenters-limited,0,6,0.0,43.0,,,Ranking/content or insufficient evidence
/research/players/department-of-defence-research-and-development,0,6,0.0,46.666666666666664,,,Ranking/content or insufficient evidence
/research/players/electronic-design-automation-eda-software,0,6,0.0,59.166666666666664,,,Ranking/content or insufficient evidence
/research/players/google-cloud-mumbai-region,0,6,0.0,59.0,,,Ranking/content or insufficient evidence
/research/players/grene-robotics,0,6,0.0,28.333333333333332,,,Ranking/content or insufficient evidence
/research/players/hindustan-zinc-limited-hzl,0,6,0.0,36.333333333333336,,,Ranking/content or insufficient evidence
/research/players/indiaai-compute-portal,0,6,0.0,43.666666666666664,,,Ranking/content or insufficient evidence
/research/players/kaynes-semicon-pvt-ltd,0,6,0.0,35.833333333333336,,,Ranking/content or insufficient evidence
/research/players/lam-research-corporation,0,6,0.0,43.666666666666664,,,Ranking/content or insufficient evidence
/research/players/lycoming-engines-textron-aviation-usa,0,6,0.0,48.666666666666664,,,Ranking/content or insufficient evidence
/research/players/national-accreditation-board-for-testing-and-calibration-laboratories,0,6,0.0,29.666666666666668,,,Ranking/content or insufficient evidence
/research/players/northrop-grumman,0,6,0.0,22.333333333333332,,,Ranking/content or insufficient evidence
/research/players/remidio-innovative-solutions,0,6,0.0,39.5,,,Ranking/content or insufficient evidence
/research/players/stt-chennai-siruseri-campus,0,6,0.0,20.833333333333332,,,Ranking/content or insufficient evidence
/research/players/suchi-semicon,0,6,0.0,30.833333333333332,,,Ranking/content or insufficient evidence
/research/players/tata-advanced-systems-ltd-tasl,0,6,0.0,56.666666666666664,,,Ranking/content or insufficient evidence
/research/players/tata-consultancy-services,0,6,0.0,40.5,,,Ranking/content or insufficient evidence
/research/players/tekscend-photomask-former-toppan-photomasks,0,6,0.0,21.5,,,Ranking/content or insufficient evidence
/research/search,0,6,0.0,1.0,,,Ranking/content or insufficient evidence
/research/space/company/ananth-technologies,0,6,0.0,33.666666666666664,,,Ranking/content or insufficient evidence
/research/space/company/rocket-lab,0,6,0.0,35.166666666666664,,,Ranking/content or insufficient evidence
/research/space/company/satsure,0,6,0.0,57.333333333333336,,,Ranking/content or insufficient evidence
/research/space/company/spacex,0,6,0.0,39.166666666666664,,,Ranking/content or insufficient evidence
/research/space/platform/pslv,0,6,0.0,21.166666666666668,,,Ranking/content or insufficient evidence
/research/suppliers/?category=Precision%20Machining,0,6,0.0,26.333333333333332,,,Ranking/content or insufficient evidence
/research/suppliers/state/punjab,0,6,0.0,38.5,,,Ranking/content or insufficient evidence
/signals/advanced-packaging-binding-constraint,0,6,0.0,4.666666666666666,,,Ranking/content or insufficient evidence
/signals/high-purity-minerals-for-semiconductors,0,6,0.0,18.833333333333332,,,Ranking/content or insufficient evidence
/signals/idds-mark-ii-drdo-laser-counter-drone-army-iaf-2026,0,6,0.0,8.166666666666668,,,Ranking/content or insufficient evidence
/signals/indian-army-orders-indrajaal-ranger-mobile-counter-drone-system,0,6,0.0,6.833333333333333,,,Ranking/content or insufficient evidence
/signals/kaveri-dry-engine-48-5kn-thrust-ghatak-ucav-2026,0,6,0.0,5.333333333333333,,,Ranking/content or insufficient evidence
/signals/mineral-security-to-processing-thesis,0,6,0.0,15.333333333333334,,,Ranking/content or insufficient evidence
/signals/semicon-2-0-1-lakh-crore-commitments-ecosystem-shift-2026,0,6,0.0,8.666666666666668,,,Ranking/content or insufficient evidence
/research/drones-uas/platform/edall-engine-test-bench-drn-0066,1,5,0.2,4.0,,,Ranking/content or insufficient evidence
/research/players/tokai-carbon-co-ltd,1,5,0.2,16.4,,,Ranking/content or insufficient evidence
/signals/hindustan-copper-uzbekistan-minerals-partnership,1,5,0.2,13.8,,,Ranking/content or insufficient evidence
/signals/india-brazil-telecommunications-ict-cooperation-mou,1,5,0.2,6.2,,,Ranking/content or insufficient evidence
/dependencies/products/battery-separator-film,0,5,0.0,5.4,,,Ranking/content or insufficient evidence
/dependencies/products/electrolyte-lithium-salt,0,5,0.0,10.6,,,Ranking/content or insufficient evidence
/dependencies/products/high-purity-isopropyl-alcohol,0,5,0.0,6.0,,,Ranking/content or insufficient evidence
/dependencies/products/neodymium-praseodymium-oxide,0,5,0.0,7.2,,,Ranking/content or insufficient evidence
/dependencies/products/tungsten-carbide-powder,0,5,0.0,9.4,,,Ranking/content or insufficient evidence
/methodology,0,5,0.0,3.8,,,Ranking/content or insufficient evidence
/newsletter/sanket-june-2026,0,5,0.0,4.8,,,Ranking/content or insufficient evidence
/reports/india-critical-manufacturing-dependencies,0,5,0.0,7.4,,,Ranking/content or insufficient evidence
/reports/theme/critical-minerals-and-strategic-materials,0,5,0.0,85.4,,,Ranking/content or insufficient evidence
/research/counter-uas/manufacturer/adani-defence-and-aerospace-mfg-005,0,5,0.0,6.8,,,Ranking/content or insufficient evidence
/research/counter-uas/manufacturer/astra-microwave-products-mfg-011,0,5,0.0,5.6,,,Ranking/content or insufficient evidence
/research/counter-uas/manufacturer/l3harris-technologies-mfg-033,0,5,0.0,36.0,,,Ranking/content or insufficient evidence
/research/counter-uas/manufacturer/mbda-mfg-034,0,5,0.0,32.8,,,Ranking/content or insufficient evidence
/research/counter-uas/system/kriti-counter-drone-system-cus-014,0,5,0.0,19.2,,,Ranking/content or insufficient evidence
/research/drones-uas/company/aebird-aerospace-mfr-036,0,5,0.0,3.0,,,Ranking/content or insufficient evidence
/research/drones-uas/company/airbound-mfr-096,0,5,0.0,7.2,,,Ranking/content or insufficient evidence
/research/drones-uas/company/avighna-aerospace-mfr-042,0,5,0.0,5.4,,,Ranking/content or insufficient evidence
/research/drones-uas/company/bonv-aero-mfr-041,0,5,0.0,18.0,,,Ranking/content or insufficient evidence
/research/drones-uas/company/cognida-ai-mfr-063,0,5,0.0,39.4,,,Ranking/content or insufficient evidence
/research/drones-uas/company/endureair-systems-mfr-095,0,5,0.0,8.2,,,Ranking/content or insufficient evidence
/research/drones-uas/company/general-atomics-aeronautical-systems-ga-asi-mfr-002,0,5,0.0,8.4,,,Ranking/content or insufficient evidence
/research/drones-uas/company/newspace-research-technologies-mfr-023,0,5,0.0,3.4,,,Ranking/content or insufficient evidence
/research/drones-uas/company/techeagle-ventures-mfr-028,0,5,0.0,3.0,,,Ranking/content or insufficient evidence
/research/drones-uas/platform/aarav-inspecto-x-drn-0057,0,5,0.0,4.0,,,Ranking/content or insufficient evidence
/research/drones-uas/platform/adani-akshi-7-drn-0143,0,5,0.0,2.8,,,Ranking/content or insufficient evidence
/research/drones-uas/platform/adani-bel-sm-1-joint-drn-0059,0,5,0.0,20.4,,,Ranking/content or insufficient evidence
/research/drones-uas/platform/airbound-trt-drn-0139,0,5,0.0,9.4,,,Ranking/content or insufficient evidence
/research/drones-uas/platform/dcm-shriram-hexacopter-drn-0058,0,5,0.0,13.4,,,Ranking/content or insufficient evidence
/research/drones-uas/platform/dji-phantom-4-rtk-drn-0073,0,5,0.0,43.6,,,Ranking/content or insufficient evidence
/research/drones-uas/platform/drdo-imperial-eagle-mk-iii-drn-0119,0,5,0.0,5.8,,,Ranking/content or insufficient evidence
/research/drones-uas/platform/drdo-uxv-1-drn-0116,0,5,0.0,23.0,,,Ranking/content or insufficient evidence
/research/drones-uas/platform/general-atomics-avenger-predator-c-drn-0123,0,5,0.0,48.4,,,Ranking/content or insufficient evidence
/research/drones-uas/platform/ideaforge-netra-v4-mini-drn-0100,0,5,0.0,21.2,,,Ranking/content or insufficient evidence
/research/drones-uas/platform/ideaforge-q6-drn-0025,0,5,0.0,11.2,,,Ranking/content or insufficient evidence
/research/e/mineral_material/germanium-b22e1e,0,5,0.0,67.8,,,Ranking/content or insufficient evidence
/research/e/technology/ai-cluster-networking-fabric-130412,0,5,0.0,70.8,,,Ranking/content or insufficient evidence
/research/entities/advanced-systems-laboratory,0,5,0.0,13.0,,,Ranking/content or insufficient evidence
/research/entities/critical-minerals-strategic-roadmap,0,5,0.0,28.8,,,Ranking/content or insufficient evidence
/research/entities/csir-nal-indigenous-micro-gas-turbine-engines-uav,0,5,0.0,7.8,,,Ranking/content or insufficient evidence
/research/entities/ctrls-datacenters,0,5,0.0,58.4,,,Ranking/content or insufficient evidence
/research/entities/drdo-conventional-missile-technology-transfer-indian-industry,0,5,0.0,37.4,,,Ranking/content or insufficient evidence
/research/entities/entegris-inc,0,5,0.0,63.4,,,Ranking/content or insufficient evidence
/research/entities/india-cargo-drone-market,0,5,0.0,31.8,,,Ranking/content or insufficient evidence
/research/entities/indian-railways-hydrogen-heritage-35-trains-green-hydrogen-cost,0,5,0.0,8.6,,,Ranking/content or insufficient evidence
/research/entities/nikon-corporation-precision-equipment,0,5,0.0,7.2,,,Ranking/content or insufficient evidence
/research/entities/osat-substrate-and-test-ecosystem,0,5,0.0,27.4,,,Ranking/content or insufficient evidence
/research/entities/semicon-2-0-opportunity-map,0,5,0.0,12.8,,,Ranking/content or insufficient evidence
/research/entities/synopsys,0,5,0.0,5.0,,,Ranking/content or insufficient evidence
/research/military-aerospace/company/ilyushin,0,5,0.0,25.0,,,Ranking/content or insufficient evidence
/research/military-aerospace/dependency/c390-v2500-engine,0,5,0.0,7.8,,,Ranking/content or insufficient evidence
/research/military-aerospace/dependency/composite-prepreg,0,5,0.0,34.6,,,Ranking/content or insufficient evidence
/research/military-aerospace/platform/a400m,0,5,0.0,5.4,,,Ranking/content or insufficient evidence
/research/pillars/defence/army,0,5,0.0,6.0,,,Ranking/content or insufficient evidence
/research/players/adani-logistics-limited,0,5,0.0,33.0,,,Ranking/content or insufficient evidence
/research/players/adaniconnex-noida-facility,0,5,0.0,24.2,,,Ranking/content or insufficient evidence
/research/players/aixtron-se,0,5,0.0,8.6,,,Ranking/content or insufficient evidence
/research/players/curphy-aero-systems,0,5,0.0,29.0,,,Ranking/content or insufficient evidence
/research/players/d-propulse,0,5,0.0,8.4,,,Ranking/content or insufficient evidence
/research/players/data-centre-electrical-and-mechanical-components-opportunity-surface,0,5,0.0,48.0,,,Ranking/content or insufficient evidence
/research/players/drone-battery-packs,0,5,0.0,51.6,,,Ranking/content or insufficient evidence
/research/players/fujimi-corporation,0,5,0.0,6.2,,,Ranking/content or insufficient evidence
/research/players/garuda-aerospace-pvt-ltd,0,5,0.0,4.2,,,Ranking/content or insufficient evidence
/research/players/gas-turbine-research-establishment,0,5,0.0,30.6,,,Ranking/content or insufficient evidence
/research/players/hcl-electronics-hcl-group-medical-electronics-randd,0,5,0.0,14.6,,,Ranking/content or insufficient evidence
/research/players/israel-aerospace-industries-iai-elta,0,5,0.0,37.2,,,Ranking/content or insufficient evidence
/research/players/jio-platforms,0,5,0.0,7.0,,,Ranking/content or insufficient evidence
/research/players/jsr-corporation,0,5,0.0,8.0,,,Ranking/content or insufficient evidence
/research/players/l3harris-technologies,0,5,0.0,46.0,,,Ranking/content or insufficient evidence
/research/players/l3harris-wescam,0,5,0.0,35.4,,,Ranking/content or insufficient evidence
/research/players/larsen-and-toubro-defence,0,5,0.0,24.2,,,Ranking/content or insufficient evidence
/research/players/micron-semiconductor-technology-india-private-limited,0,5,0.0,21.2,,,Ranking/content or insufficient evidence
/research/players/microsoft-azure-india,0,5,0.0,21.4,,,Ranking/content or insufficient evidence
/research/players/momentive-performance-materials,0,5,0.0,46.4,,,Ranking/content or insufficient evidence
/research/players/national-aluminium-company-limited-nalco,0,5,0.0,32.4,,,Ranking/content or insufficient evidence
/research/players/rare-earth-elements-magnet-nd-pr-dy-tb,0,5,0.0,24.4,,,Ranking/content or insufficient evidence
/research/players/rare-earth-separation-and-refining-solvent-extraction,0,5,0.0,10.0,,,Ranking/content or insufficient evidence
/research/players/robin-radar-systems,0,5,0.0,31.6,,,Ranking/content or insufficient evidence
/research/players/shin-etsu-chemical-co-ltd,0,5,0.0,14.2,,,Ranking/content or insufficient evidence
/research/players/sk-materials-sk-specialty,0,5,0.0,2.2,,,Ranking/content or insufficient evidence
/research/players/sony-semiconductor,0,5,0.0,23.8,,,Ranking/content or insufficient evidence
/research/players/thermax-limited,0,5,0.0,12.4,,,Ranking/content or insufficient evidence
/research/players/ul-india,0,5,0.0,33.8,,,Ranking/content or insufficient evidence
/research/players/unique-identification-authority-of-india-uidai,0,5,0.0,22.2,,,Ranking/content or insufficient evidence
/research/players/united-telelinks-neolyncs-india-pvt-ltd,0,5,0.0,20.6,,,Ranking/content or insufficient evidence
/research/space/company/hal-space,0,5,0.0,27.6,,,Ranking/content or insufficient evidence
/research/space/company/tonbo-imaging,0,5,0.0,8.2,,,Ranking/content or insufficient evidence
/research/space/platform/chandrayaan-3,0,5,0.0,58.4,,,Ranking/content or insufficient evidence
/signals/drdo-missile-tot-scale-node-india-2026,0,5,0.0,3.4,,,Ranking/content or insufficient evidence
/signals/four-industrial-corridor-smart-cities-enter-production,0,5,0.0,3.6,,,Ranking/content or insufficient evidence
/signals/high-purity-gases-chemicals-localisation-tata-inox-sumitomo-2026,0,5,0.0,6.0,,,Ranking/content or insufficient evidence
/signals/hypervault-tcs-1gw-ai-data-centre-campus-hyderabad-2026,0,5,0.0,4.8,,,Ranking/content or insufficient evidence
/signals/india-lunar-opportunity-exploration-to-infrastructure,0,5,0.0,19.2,,,Ranking/content or insufficient evidence
/signals/india-twelve-opportunity-zones-industrial-capital,0,5,0.0,42.2,,,Ranking/content or insufficient evidence
/signals/indian-navy-issues-rfi-ship-launched-loitering-munition-1000km-range,0,5,0.0,16.0,,,Ranking/content or insufficient evidence
/signals/pm-semiconductor-roundtable-ecosystem-depth-2026,0,5,0.0,4.6,,,Ranking/content or insufficient evidence
/signals/semicon-india-2026-closes-five-commercial-units-cdil-suchi,0,5,0.0,4.0,,,Ranking/content or insufficient evidence
/terms,0,5,0.0,3.2,,,Ranking/content or insufficient evidence
/dependencies/products/night-vision-image-intensifier,1,4,0.25,12.75,,,Ranking/content or insufficient evidence
/maps/auric-shendra-bidkin,1,4,0.25,7.75,,,Ranking/content or insufficient evidence
/reports/iaf-autonomous-air-power,1,4,0.25,6.0,,,Ranking/content or insufficient evidence
/research/entities/the-sme-playbook-for-indias-drone-economy,1,4,0.25,4.25,,,Ranking/content or insufficient evidence
/research/entities/who-builds-indias-drones,1,4,0.25,8.25,,,Ranking/content or insufficient evidence
/research/players/lam-research-india-silicon-component-facility,1,4,0.25,4.0,,,Ranking/content or insufficient evidence
/research/players/throttle-aerospace-systems,1,4,0.25,10.0,,,Ranking/content or insufficient evidence
/research/suppliers?q=Excel%20Fibre%20Glass%20Industries,1,4,0.25,1.5,,,Ranking/content or insufficient evidence
/dependencies/products/eda-tools,0,4,0.0,35.0,,,Ranking/content or insufficient evidence
/dependencies/products/electronic-grade-h2so4,0,4,0.0,19.5,,,Ranking/content or insufficient evidence
/dependencies/products/image-sensors-cmos,0,4,0.0,8.0,,,Ranking/content or insufficient evidence
/dependencies/products/infantry-body-armour-uhmwpe,0,4,0.0,35.25,,,Ranking/content or insufficient evidence
/dependencies/products/leadframe-packages,0,4,0.0,6.25,,,Ranking/content or insufficient evidence
/dependencies/products/lithium-anode-graphite,0,4,0.0,10.75,,,Ranking/content or insufficient evidence
/dependencies/products/mask-blanks-photomask,0,4,0.0,13.0,,,Ranking/content or insufficient evidence
/dependencies/products/naval-combat-management-systems-051,0,4,0.0,61.0,,,Ranking/content or insufficient evidence
/dependencies/products/nickel-sulphate-class-1,0,4,0.0,38.25,,,Ranking/content or insufficient evidence
/dependencies/products/silicon-germanium-wafers-097,0,4,0.0,5.0,,,Ranking/content or insufficient evidence
/dependencies/products/smartphone-camera-modules-062,0,4,0.0,16.0,,,Ranking/content or insufficient evidence
/dependencies/products/solar-polysilicon,0,4,0.0,4.75,,,Ranking/content or insufficient evidence
/dependencies/products/tejas-radar-elm2052,0,4,0.0,52.75,,,Ranking/content or insufficient evidence
/dependencies/states/ladakh,0,4,0.0,37.75,,,Ranking/content or insufficient evidence
/dependencies/states/west-bengal,0,4,0.0,25.5,,,Ranking/content or insufficient evidence
/reports/india-industrial-waste-recycling-economy,0,4,0.0,65.25,,,Ranking/content or insufficient evidence
/research/counter-uas/manufacturer/epirus-mfg-040,0,4,0.0,70.75,,,Ranking/content or insufficient evidence
/research/counter-uas/manufacturer/grene-robotics-mfg-007,0,4,0.0,11.0,,,Ranking/content or insufficient evidence
/research/counter-uas/manufacturer/knds-france-mfg-042,0,4,0.0,10.5,,,Ranking/content or insufficient evidence
/research/counter-uas/system/cerberus-gl6-cuas-capable-cus-047,0,4,0.0,6.0,,,Ranking/content or insufficient evidence
/research/counter-uas/system/drona-counter-drone-smart-city-cus-020,0,4,0.0,7.25,,,Ranking/content or insufficient evidence
/research/counter-uas/system/insas-counter-drone-naval-cus-016,0,4,0.0,2.75,,,Ranking/content or insufficient evidence
/research/counter-uas/system/knds-france-rapidfire-naval-cuas-cus-054,0,4,0.0,5.25,,,Ranking/content or insufficient evidence
/research/counter-uas/system/raytheon-rtx-coyote-block-2-cus-035,0,4,0.0,38.0,,,Ranking/content or insufficient evidence
/research/counter-uas/system/rheinmetall-oerlikon-skynex-cus-031,0,4,0.0,21.5,,,Ranking/content or insufficient evidence
/research/counter-uas/system/vajra-sentinel-counter-drone-system-cus-009,0,4,0.0,2.5,,,Ranking/content or insufficient evidence
/research/drones-uas/company/aerochief-aerospace-mfr-045,0,4,0.0,4.25,,,Ranking/content or insufficient evidence
/research/drones-uas/company/arcanumspace-mfr-103,0,4,0.0,6.75,,,Ranking/content or insufficient evidence
/research/drones-uas/company/ig-defence-mfr-099,0,4,0.0,17.25,,,Ranking/content or insufficient evidence
/research/drones-uas/company/ig-drones-mfr-037,0,4,0.0,8.25,,,Ranking/content or insufficient evidence
/research/drones-uas/company/kalyani-strategic-systems-mfr-084,0,4,0.0,43.0,,,Ranking/content or insufficient evidence
/research/drones-uas/company/marut-drones-mfr-039,0,4,0.0,5.0,,,Ranking/content or insufficient evidence
/research/drones-uas/company/pixoastro-technologies-mfr-046,0,4,0.0,2.5,,,Ranking/content or insufficient evidence
/research/drones-uas/company/raphe-mphibr-logistics-mfr-089,0,4,0.0,6.0,,,Ranking/content or insufficient evidence
/research/drones-uas/platform/aebird-skywatch-drn-0115,0,4,0.0,3.5,,,Ranking/content or insufficient evidence
/research/drones-uas/platform/dji-matrice-300-rtk-drn-0072,0,4,0.0,13.75,,,Ranking/content or insufficient evidence
/research/drones-uas/platform/drdo-sling-mk-ii-drn-0120,0,4,0.0,2.25,,,Ranking/content or insufficient evidence
/research/drones-uas/platform/drdo-uxv-2-drn-0117,0,4,0.0,13.5,,,Ranking/content or insufficient evidence
/research/drones-uas/platform/garuda-avi-drone-drn-0096,0,4,0.0,4.75,,,Ranking/content or insufficient evidence
/research/drones-uas/platform/hal-iai-heron-tp-planned-drn-0052,0,4,0.0,7.75,,,Ranking/content or insufficient evidence
/research/drones-uas/platform/ideaforge-netra-v4-pro-plus-drn-0097,0,4,0.0,4.5,,,Ranking/content or insufficient evidence
/research/drones-uas/platform/ig-defence-kal-drn-0134,0,4,0.0,17.5,,,Ranking/content or insufficient evidence
/research/drones-uas/platform/pixoastro-honey-b-drn-0109,0,4,0.0,2.0,,,Ranking/content or insufficient evidence
/research/drones-uas/platform/skye-air-skyship-2-drn-0107,0,4,0.0,4.25,,,Ranking/content or insufficient evidence
/research/e/process/cobalt-sulphate-refining-9014e8,0,4,0.0,39.5,,,Ranking/content or insufficient evidence
/research/entities/adani-defence-and-aerospace,0,4,0.0,24.0,,,Ranking/content or insufficient evidence
/research/entities/amara-raja-giga-corridor-divitipalli,0,4,0.0,6.0,,,Ranking/content or insufficient evidence
/research/entities/applied-materials-5-billion-india-vision-2035-equipment-layer,0,4,0.0,5.75,,,Ranking/content or insufficient evidence
/research/entities/defence-acquisition-council,0,4,0.0,1.0,,,Ranking/content or insufficient evidence
/research/entities/dysprosium-terbium,0,4,0.0,9.25,,,Ranking/content or insufficient evidence
/research/entities/india-critical-manufacturing-dependencies,0,4,0.0,9.25,,,Ranking/content or insufficient evidence
/research/entities/india-new-zealand-fta-enters-force-october-2026,0,4,0.0,2.25,,,Ranking/content or insufficient evidence
/research/entities/indiaai-compute-portal,0,4,0.0,29.5,,,Ranking/content or insufficient evidence
/research/entities/kabil-argentina-lithium-production-4-5-years,0,4,0.0,8.25,,,Ranking/content or insufficient evidence
/research/entities/lohum-zimbabwe-lithium-first-overseas-ore-shipment-india,0,4,0.0,12.5,,,Ranking/content or insufficient evidence
/research/entities/northrop-grumman,0,4,0.0,25.5,,,Ranking/content or insufficient evidence
/research/entities/qpiai,0,4,0.0,61.75,,,Ranking/content or insufficient evidence
/research/entities/raphe-mphibr-private-limited,0,4,0.0,9.25,,,Ranking/content or insufficient evidence
/research/entities/rare-earth-magnets-motors-chokepoint,0,4,0.0,8.5,,,Ranking/content or insufficient evidence
/research/entities/safran-aircraft-engines,0,4,0.0,58.25,,,Ranking/content or insufficient evidence
/research/entities/semicon-india-2026-closes-five-commercial-units-cdil-suchi,0,4,0.0,4.25,,,Ranking/content or insufficient evidence
/research/entities/semiconductor-wafer-fabrication,0,4,0.0,10.0,,,Ranking/content or insufficient evidence
/research/entities/sony-semiconductor,0,4,0.0,24.0,,,Ranking/content or insufficient evidence
/research/military-aerospace/company/elbit,0,4,0.0,28.25,,,Ranking/content or insufficient evidence
/research/military-aerospace/company/embraer,0,4,0.0,5.0,,,Ranking/content or insufficient evidence
/research/military-aerospace/company/lockheed,0,4,0.0,35.75,,,Ranking/content or insufficient evidence
/research/military-aerospace/company/pwc,0,4,0.0,8.0,,,Ranking/content or insufficient evidence
/research/military-aerospace/dependency/c295-ins,0,4,0.0,11.0,,,Ranking/content or insufficient evidence
/research/military-aerospace/dependency/c295-pw127g-engine,0,4,0.0,5.25,,,Ranking/content or insufficient evidence
/research/military-aerospace/platform/ah64,0,4,0.0,5.5,,,Ranking/content or insufficient evidence
/research/pillars/defence/air-force,0,4,0.0,6.25,,,Ranking/content or insufficient evidence
/research/pillars/defence/entity/cbrn-recce-vehicles,0,4,0.0,16.0,,,Ranking/content or insufficient evidence
/research/pillars/defence/entity/indian-coast-guard,0,4,0.0,55.0,,,Ranking/content or insufficient evidence
/research/pillars/enterprise-software,0,4,0.0,36.25,,,Ranking/content or insufficient evidence
/research/players/aarti-industries-electronic-materials-division,0,4,0.0,2.75,,,Ranking/content or insufficient evidence
/research/players/adani-total-gas-ltd,0,4,0.0,70.75,,,Ranking/content or insufficient evidence
/research/players/aerovironment-inc,0,4,0.0,24.75,,,Ranking/content or insufficient evidence
/research/players/analog-devices,0,4,0.0,73.25,,,Ranking/content or insufficient evidence
/research/players/astra-microwave-products-limited,0,4,0.0,19.25,,,Ranking/content or insufficient evidence
/research/players/attero-recycling-private-limited,0,4,0.0,43.0,,,Ranking/content or insufficient evidence
/research/players/avighna-aerospace,0,4,0.0,2.75,,,Ranking/content or insufficient evidence
/research/players/basf-se-electronic-materials,0,4,0.0,24.75,,,Ranking/content or insufficient evidence
/research/players/battrixx-kabra-extrusiontechnik,0,4,0.0,9.5,,,Ranking/content or insufficient evidence
/research/players/bharat-dynamics-limited,0,4,0.0,4.0,,,Ranking/content or insufficient evidence
/research/players/bharat-forge,0,4,0.0,57.75,,,Ranking/content or insufficient evidence
/research/players/big-bang-boom-interceptor-drone,0,4,0.0,6.75,,,Ranking/content or insufficient evidence
/research/players/bldc-drone-motors,0,4,0.0,25.5,,,Ranking/content or insufficient evidence
/research/players/cadence-india,0,4,0.0,16.75,,,Ranking/content or insufficient evidence
/research/players/centre-for-development-of-advanced-computing-c-dac,0,4,0.0,27.5,,,Ranking/content or insufficient evidence
/research/players/cochin-shipyard-limited,0,4,0.0,42.25,,,Ranking/content or insufficient evidence
/research/players/container-corporation-of-india-ltd-concor,0,4,0.0,27.0,,,Ranking/content or insufficient evidence
/research/players/design-linked-incentive-dli-scheme,0,4,0.0,8.0,,,Ranking/content or insufficient evidence
/research/players/dixon-technologies-india-ltd,0,4,0.0,52.25,,,Ranking/content or insufficient evidence
/research/players/drdo-aerial-delivery-research-and-development-establishment-adrde,0,4,0.0,22.75,,,Ranking/content or insufficient evidence
/research/players/drone-federation-of-india-dfi,0,4,0.0,17.75,,,Ranking/content or insufficient evidence
/research/players/dupont-cmp-pads-rohm-and-haas,0,4,0.0,26.5,,,Ranking/content or insufficient evidence
/research/players/e2e-networks,0,4,0.0,71.75,,,Ranking/content or insufficient evidence
/research/players/entegris-inc,0,4,0.0,39.25,,,Ranking/content or insufficient evidence
/research/players/gail-india-limited,0,4,0.0,43.75,,,Ranking/content or insufficient evidence
/research/players/ge-healthcare-india,0,4,0.0,46.75,,,Ranking/content or insufficient evidence
/research/players/google-tpu,0,4,0.0,19.75,,,Ranking/content or insufficient evidence
/research/players/graphite-india-semiconductor-division,0,4,0.0,4.75,,,Ranking/content or insufficient evidence
/research/players/hamamatsu-photonics,0,4,0.0,10.25,,,Ranking/content or insufficient evidence
/research/players/hindustan-copper-limited,0,4,0.0,6.25,,,Ranking/content or insufficient evidence
/research/players/india-chip-hcl-foxconn-jv,0,4,0.0,10.25,,,Ranking/content or insufficient evidence
/research/players/intertek-india,0,4,0.0,19.25,,,Ranking/content or insufficient evidence
/research/players/jagiroad-semiconductor-cluster,0,4,0.0,16.75,,,Ranking/content or insufficient evidence
/research/players/kawalapur-rare-earth-elements-block,0,4,0.0,10.0,,,Ranking/content or insufficient evidence
/research/players/kinsus-interconnect-technology,0,4,0.0,19.25,,,Ranking/content or insufficient evidence
/research/players/microsoft-azure,0,4,0.0,61.75,,,Ranking/content or insufficient evidence
/research/players/naval-group,0,4,0.0,49.5,,,Ranking/content or insufficient evidence
/research/players/newspace-india-limited-nsil,0,4,0.0,84.5,,,Ranking/content or insufficient evidence
/research/players/newspace-research-and-technologies,0,4,0.0,34.0,,,Ranking/content or insufficient evidence
/research/players/reliance-industries-limited,0,4,0.0,40.25,,,Ranking/content or insufficient evidence
/research/players/russian-federation-rosoboronexport-almaz-antey,0,4,0.0,67.75,,,Ranking/content or insufficient evidence
/research/players/sarvam-ai,0,4,0.0,21.75,,,Ranking/content or insufficient evidence
/research/players/semiconductor-laboratory-scl-isro-meity,0,4,0.0,25.0,,,Ranking/content or insufficient evidence
/research/players/shin-etsu-quartz-products,0,4,0.0,19.5,,,Ranking/content or insufficient evidence
/research/players/sigtuple-technologies,0,4,0.0,21.0,,,Ranking/content or insufficient evidence
/research/players/sovereign-compute-gpu-as-a-service-opportunity-surface,0,4,0.0,32.75,,,Ranking/content or insufficient evidence
/research/players/texas-instruments,0,4,0.0,40.75,,,Ranking/content or insufficient evidence
/research/players/tricog-health,0,4,0.0,20.25,,,Ranking/content or insufficient evidence
/research/players/tuv-india,0,4,0.0,4.75,,,Ranking/content or insufficient evidence
/research/players/unimicron,0,4,0.0,38.25,,,Ranking/content or insufficient evidence
/research/space/company/azista-bst,0,4,0.0,51.75,,,Ranking/content or insufficient evidence
/research/space/company/mtar-technologies,0,4,0.0,8.0,,,Ranking/content or insufficient evidence
/research/space/company/orbitaid-aerospace,0,4,0.0,25.5,,,Ranking/content or insufficient evidence
/research/space/company/planet-labs,0,4,0.0,32.0,,,Ranking/content or insufficient evidence
/research/space/company/walchandnagar,0,4,0.0,20.25,,,Ranking/content or insufficient evidence
/research/space/platform/gslv-mk2,0,4,0.0,41.0,,,Ranking/content or insufficient evidence
/research/suppliers/?state=Delhi,0,4,0.0,6.0,,,Ranking/content or insufficient evidence
/research/suppliers/state/maharashtra,0,4,0.0,10.75,,,Ranking/content or insufficient evidence
/signals/container-sovereignty-trade-infrastructure,0,4,0.0,6.0,,,Ranking/content or insufficient evidence
/signals/indian-army-orders-840-one-way-attack-drones-tata-nibe,0,4,0.0,8.5,,,Ranking/content or insufficient evidence
/signals/indian-railways-hydrogen-heritage-35-trains-green-hydrogen-cost,0,4,0.0,8.0,,,Ranking/content or insufficient evidence
/signals/lohum-zimbabwe-lithium-first-overseas-ore-shipment-india,0,4,0.0,6.0,,,Ranking/content or insufficient evidence
/signals/marvell-india-semiconductor-design,0,4,0.0,23.5,,,Ranking/content or insufficient evidence
/signals/rare-earth-magnets-motors-chokepoint,0,4,0.0,7.0,,,Ranking/content or insufficient evidence
/signals/saatvik-green-energy-1042-crore-seci-solar-modules-2026,0,4,0.0,7.0,,,Ranking/content or insufficient evidence
/research/drones-uas/company/aarav-unmanned-systems-mfr-040,1,3,0.3333333333333333,6.333333333333333,,,Ranking/content or insufficient evidence
/research/drones-uas/platform/the-eplane-company-e200-drn-0038,1,3,0.3333333333333333,5.0,,,Ranking/content or insufficient evidence
/research/e/product/germanium-ir-optics-ba2389,1,3,0.3333333333333333,35.666666666666664,,,Ranking/content or insufficient evidence
/research/entities/united-telelinks-neolyncs-india-pvt-ltd,1,3,0.3333333333333333,23.333333333333332,,,Ranking/content or insufficient evidence
/research/players/aadhaar-tech-solutions,1,3,0.3333333333333333,2.6666666666666665,,,Ranking/content or insufficient evidence
/research/players/srf-limited-specialty-chemicals,1,3,0.3333333333333333,21.0,,,Ranking/content or insufficient evidence
/dependencies/products/hafnium-aerospace-108,0,3,0.0,4.0,,,Ranking/content or insufficient evidence
/dependencies/products/industrial-robotics-6-axis,0,3,0.0,58.666666666666664,,,Ranking/content or insufficient evidence
/dependencies/products/missile-seeker-ir,0,3,0.0,7.666666666666667,,,Ranking/content or insufficient evidence
/dependencies/products/photoresist-krf,0,3,0.0,30.666666666666668,,,Ranking/content or insufficient evidence
/dependencies/products/satellite-user-terminal,0,3,0.0,57.333333333333336,,,Ranking/content or insufficient evidence
/dependencies/products/silicon-carbide-wafers,0,3,0.0,4.0,,,Ranking/content or insufficient evidence
/dependencies/products/silicon-wafers-300mm,0,3,0.0,24.666666666666668,,,Ranking/content or insufficient evidence
/dependencies/products/specialty-gases-semicon,0,3,0.0,17.666666666666668,,,Ranking/content or insufficient evidence
/dependencies/products/submarine-sonar-array,0,3,0.0,13.333333333333334,,,Ranking/content or insufficient evidence
/dependencies/sectors/telecom,0,3,0.0,72.66666666666667,,,Ranking/content or insufficient evidence
/dependencies/states/chandigarh,0,3,0.0,45.0,,,Ranking/content or insufficient evidence
/dependencies/states/chhattisgarh,0,3,0.0,43.0,,,Ranking/content or insufficient evidence
/reports/beyond-sea-drones-india-autonomous-maritime-systems/executive-summary,0,3,0.0,31.666666666666668,,,Ranking/content or insufficient evidence
/reports/indian-navy-autonomous-maritime/executive-summary,0,3,0.0,8.333333333333332,,,Ranking/content or insufficient evidence
/reports/theme/solar-and-clean-energy-manufacturing,0,3,0.0,6.333333333333333,,,Ranking/content or insufficient evidence
/research/counter-uas/manufacturer/bharat-dynamics-limited-bdl-mfg-018,0,3,0.0,24.333333333333332,,,Ranking/content or insufficient evidence
/research/counter-uas/manufacturer/defence-research-and-development-organisation-drdo-mfg-002,0,3,0.0,8.0,,,Ranking/content or insufficient evidence
/research/counter-uas/manufacturer/garuda-aerospace-mfg-008,0,3,0.0,8.666666666666668,,,Ranking/content or insufficient evidence
/research/counter-uas/manufacturer/northrop-grumman-mfg-031,0,3,0.0,5.0,,,Ranking/content or insufficient evidence
/research/counter-uas/manufacturer/vega-integrated-systems-mfg-009,0,3,0.0,13.333333333333334,,,Ranking/content or insufficient evidence
/research/counter-uas/system/cuas-net-launcher-portable-cus-019,0,3,0.0,3.6666666666666665,,,Ranking/content or insufficient evidence
/research/counter-uas/system/detect-destroy-anti-drone-system-cus-015,0,3,0.0,56.0,,,Ranking/content or insufficient evidence
/research/counter-uas/system/elbit-bright-arrow-soft-hard-kill-cus-040,0,3,0.0,17.0,,,Ranking/content or insufficient evidence
/research/counter-uas/system/fortem-skydome-system-cus-033,0,3,0.0,4.0,,,Ranking/content or insufficient evidence
/research/counter-uas/system/hal-integrated-cuas-airborne-cus-059,0,3,0.0,2.333333333333333,,,Ranking/content or insufficient evidence
/research/counter-uas/system/l3harris-vampire-cuas-variant-cus-041,0,3,0.0,13.666666666666666,,,Ranking/content or insufficient evidence
/research/counter-uas/system/trishul-anti-drone-system-cus-013,0,3,0.0,3.3333333333333335,,,Ranking/content or insufficient evidence
/research/drones-uas/company/adani-defence-aerospace-mfr-017,0,3,0.0,22.0,,,Ranking/content or insufficient evidence
/research/drones-uas/company/brp-rotax-mfr-066,0,3,0.0,19.666666666666668,,,Ranking/content or insufficient evidence
/research/drones-uas/company/dcm-shriram-industries-mfr-025,0,3,0.0,18.0,,,Ranking/content or insufficient evidence
/research/drones-uas/company/dronetech-lab-mfr-061,0,3,0.0,21.666666666666668,,,Ranking/content or insufficient evidence
/research/drones-uas/company/larsen-toubro-l-t-mfr-082,0,3,0.0,5.666666666666667,,,Ranking/content or insufficient evidence
/research/drones-uas/company/log9-materials-mfr-077,0,3,0.0,3.6666666666666665,,,Ranking/content or insufficient evidence
/research/drones-uas/company/raytheon-mfr-071,0,3,0.0,35.333333333333336,,,Ranking/content or insufficient evidence
/research/drones-uas/company/skye-air-mobility-mfr-029,0,3,0.0,3.3333333333333335,,,Ranking/content or insufficient evidence
/research/drones-uas/company/solar-industries-india-ltd-mfr-021,0,3,0.0,5.333333333333333,,,Ranking/content or insufficient evidence
/research/drones-uas/platform/aero360-industrial-uav-drn-0047,0,3,0.0,1.6666666666666667,,,Ranking/content or insufficient evidence
/research/drones-uas/platform/asteria-wyvern-drn-0034,0,3,0.0,5.666666666666667,,,Ranking/content or insufficient evidence
/research/drones-uas/platform/avighna-aerospace-avi-1-drn-0078,0,3,0.0,7.0,,,Ranking/content or insufficient evidence
/research/drones-uas/platform/bangalore-aeroverse-subscale-uav-drn-0050,0,3,0.0,35.0,,,Ranking/content or insufficient evidence
/research/drones-uas/platform/bhel-dronemark-1-drn-0080,0,3,0.0,3.6666666666666665,,,Ranking/content or insufficient evidence
/research/drones-uas/platform/dji-agras-t10-drn-0128,0,3,0.0,7.333333333333333,,,Ranking/content or insufficient evidence
/research/drones-uas/platform/dji-matrice-350-rtk-drn-0124,0,3,0.0,19.0,,,Ranking/content or insufficient evidence
/research/drones-uas/platform/hal-pt-2-drn-0062,0,3,0.0,10.666666666666666,,,Ranking/content or insufficient evidence
/research/drones-uas/platform/ideaforge-zolt-drn-0141,0,3,0.0,25.666666666666668,,,Ranking/content or insufficient evidence
/research/drones-uas/platform/techeagle-vertiplane-x-3-drn-0105,0,3,0.0,21.333333333333332,,,Ranking/content or insufficient evidence
/research/e/mineral_material/rare-earth-elements-neodymium-praseodymium-c925c9,0,3,0.0,76.66666666666667,,,Ranking/content or insufficient evidence
/research/e/opportunity_surface/rare-earth-separation-and-refining-nd-pr-dy-tb-f93108,0,3,0.0,30.0,,,Ranking/content or insufficient evidence
/research/e/standard/defence-acquisition-procedure-2020-9bff96,0,3,0.0,59.0,,,Ranking/content or insufficient evidence
/research/e/technology/high-bandwidth-memory-hbm-a67006,0,3,0.0,65.0,,,Ranking/content or insufficient evidence
/research/e/technology/liquid-cooling-b4b7ff,0,3,0.0,36.666666666666664,,,Ranking/content or insufficient evidence
/research/e/university/iit-hyderabad-healthtech-research-groups-f9b4aa,0,3,0.0,65.0,,,Ranking/content or insufficient evidence
/research/entities/3d-glass-solutions-inc-3dgs,0,3,0.0,10.333333333333334,,,Ranking/content or insufficient evidence
/research/entities/advanced-research-chemicals-arc,0,3,0.0,13.666666666666666,,,Ranking/content or insufficient evidence
/research/entities/amaravati-india-first-quantum-ai-university-nielit-meity,0,3,0.0,19.333333333333332,,,Ranking/content or insufficient evidence
/research/entities/aws-asia-pacific-mumbai,0,3,0.0,51.333333333333336,,,Ranking/content or insufficient evidence
/research/entities/critical-minerals-facilitation-office-australia,0,3,0.0,10.0,,,Ranking/content or insufficient evidence
/research/entities/department-of-military-affairs,0,3,0.0,73.66666666666667,,,Ranking/content or insufficient evidence
/research/entities/dholera-sanand-semiconductor-corridor,0,3,0.0,14.0,,,Ranking/content or insufficient evidence
/research/entities/drdo-aerial-delivery-research-and-development-establishment-adrde,0,3,0.0,26.0,,,Ranking/content or insufficient evidence
/research/entities/drdo-zero-mk-20mk-dilution-refrigerator-tdf-2026,0,3,0.0,3.0,,,Ranking/content or insufficient evidence
/research/entities/drone-electronics-and-propulsion-supply-chain,0,3,0.0,4.333333333333334,,,Ranking/content or insufficient evidence
/research/entities/drone-federation-of-india-dfi,0,3,0.0,25.333333333333332,,,Ranking/content or insufficient evidence
/research/entities/electronics-and-radar-development-establishment,0,3,0.0,8.333333333333332,,,Ranking/content or insufficient evidence
/research/entities/foxconn-india,0,3,0.0,27.333333333333332,,,Ranking/content or insufficient evidence
/research/entities/hamamatsu-photonics,0,3,0.0,9.0,,,Ranking/content or insufficient evidence
/research/entities/india-drone-propulsion-opportunity,0,3,0.0,4.0,,,Ranking/content or insufficient evidence
/research/entities/india-semiconductor-1-4-billion-equity-funding-semicon-india-2026,0,3,0.0,11.0,,,Ranking/content or insufficient evidence
/research/entities/india-sensor-economy,0,3,0.0,6.333333333333333,,,Ranking/content or insufficient evidence
/research/entities/indian-army,0,3,0.0,4.0,,,Ranking/content or insufficient evidence
/research/entities/indian-navy-issues-rfi-ship-launched-loitering-munition-1000km-range,0,3,0.0,84.66666666666667,,,Ranking/content or insufficient evidence
/research/entities/instruments-research-and-development-establishment,0,3,0.0,10.0,,,Ranking/content or insufficient evidence
/research/entities/isro-resumes-launches-gisat-1a-september,0,3,0.0,7.0,,,Ranking/content or insufficient evidence
/research/entities/jcet-group,0,3,0.0,15.333333333333334,,,Ranking/content or insufficient evidence
/research/entities/kalyani-group-bharat-forge-defence,0,3,0.0,30.0,,,Ranking/content or insufficient evidence
/research/entities/larsen-and-toubro-defence,0,3,0.0,31.0,,,Ranking/content or insufficient evidence
/research/entities/scheme-to-promote-manufacturing-of-sintered-rare-earth-permanent-magnets,0,3,0.0,28.333333333333332,,,Ranking/content or insufficient evidence
/research/entities/sigtuple-technologies,0,3,0.0,24.666666666666668,,,Ranking/content or insufficient evidence
/research/entities/stt-gdc-india,0,3,0.0,15.333333333333334,,,Ranking/content or insufficient evidence
/research/entities/texas-instruments,0,3,0.0,74.33333333333333,,,Ranking/content or insufficient evidence
/research/entities/three-indian-semiconductor-plants-live-ism-20-approved-semicon-india-2026,0,3,0.0,89.33333333333333,,,Ranking/content or insufficient evidence
/research/entities/vega-integrated-systems,0,3,0.0,41.333333333333336,,,Ranking/content or insufficient evidence
/research/military-aerospace/platform/htt40,0,3,0.0,5.333333333333333,,,Ranking/content or insufficient evidence
/research/pillars/defence/entity/aesa-radar-technology,0,3,0.0,21.333333333333332,,,Ranking/content or insufficient evidence
/research/pillars/defence/entity/goa-shipyard-limited,0,3,0.0,10.333333333333334,,,Ranking/content or insufficient evidence
/research/pillars/defence/entity/indian-air-force,0,3,0.0,26.333333333333332,,,Ranking/content or insufficient evidence
/research/pillars/defence/entity/indian-navy,0,3,0.0,26.0,,,Ranking/content or insufficient evidence
/research/pillars/defence/entity/ins-dunagiri,0,3,0.0,46.0,,,Ranking/content or insufficient evidence
/research/pillars/defence/entity/lca-tejas-mk2,0,3,0.0,7.666666666666667,,,Ranking/content or insufficient evidence
/research/pillars/defence/entity/rafale,0,3,0.0,33.666666666666664,,,Ranking/content or insufficient evidence
/research/pillars/defence/navy-coast-guard,0,3,0.0,3.0,,,Ranking/content or insufficient evidence
/research/players/ada,0,3,0.0,14.333333333333334,,,Ranking/content or insufficient evidence
/research/players/advanced-research-chemicals-arc,0,3,0.0,32.0,,,Ranking/content or insufficient evidence
/research/players/aebird-aerospace,0,3,0.0,3.6666666666666665,,,Ranking/content or insufficient evidence
/research/players/aerochief-aerospace,0,3,0.0,3.0,,,Ranking/content or insufficient evidence
/research/players/ai-cluster-networking-fabric,0,3,0.0,31.0,,,Ranking/content or insufficient evidence
/research/players/air-products-india,0,3,0.0,35.666666666666664,,,Ranking/content or insufficient evidence
/research/players/amber-enterprises-il-jin-electronics,0,3,0.0,24.333333333333332,,,Ranking/content or insufficient evidence
/research/players/aselsan,0,3,0.0,58.666666666666664,,,Ranking/content or insufficient evidence
/research/players/bpl-medical-technologies,0,3,0.0,25.333333333333332,,,Ranking/content or insufficient evidence
/research/players/camyen-se,0,3,0.0,5.0,,,Ranking/content or insufficient evidence
/research/players/centum-electronics,0,3,0.0,20.333333333333332,,,Ranking/content or insufficient evidence
/research/players/china-aerospace-science-and-technology-corp-casc,0,3,0.0,49.666666666666664,,,Ranking/content or insufficient evidence
/research/players/cobalt-sulphate-refining,0,3,0.0,68.33333333333333,,,Ranking/content or insufficient evidence
/research/players/critical-minerals-facilitation-office-australia,0,3,0.0,10.333333333333334,,,Ranking/content or insufficient evidence
/research/players/csir-ncl-pune,0,3,0.0,21.666666666666668,,,Ranking/content or insufficient evidence
/research/players/dassault-aviation,0,3,0.0,38.666666666666664,,,Ranking/content or insufficient evidence
/research/players/dedrone-axon-interceptor-concept,0,3,0.0,72.33333333333333,,,Ranking/content or insufficient evidence
/research/players/dedrone-now-part-of-axon,0,3,0.0,67.66666666666667,,,Ranking/content or insufficient evidence
/research/players/defence-acquisition-procedure-2020,0,3,0.0,37.666666666666664,,,Ranking/content or insufficient evidence
/research/players/defence-avionics-research-establishment,0,3,0.0,80.33333333333333,,,Ranking/content or insufficient evidence
/research/players/department-of-military-affairs,0,3,0.0,51.666666666666664,,,Ranking/content or insufficient evidence
/research/players/dlrl-drdo,0,3,0.0,7.0,,,Ranking/content or insufficient evidence
/research/players/drone-flight-controller,0,3,0.0,53.666666666666664,,,Ranking/content or insufficient evidence
/research/players/economic-explosives-limited,0,3,0.0,54.0,,,Ranking/content or insufficient evidence
/research/players/electronic-industries-association-of-india-elcina,0,3,0.0,15.666666666666666,,,Ranking/content or insufficient evidence
/research/players/gnfc-gujarat-narmada-valley-fertilizers-and-chemicals,0,3,0.0,5.333333333333333,,,Ranking/content or insufficient evidence
/research/players/google-cloud-alphabet,0,3,0.0,59.0,,,Ranking/content or insufficient evidence
/research/players/google-health-india-deepmind-google-research,0,3,0.0,10.333333333333334,,,Ranking/content or insufficient evidence
/research/players/haesung-ds,0,3,0.0,7.0,,,Ranking/content or insufficient evidence
/research/players/hensoldt,0,3,0.0,48.0,,,Ranking/content or insufficient evidence
/research/players/high-bandwidth-memory-hbm,0,3,0.0,44.666666666666664,,,Ranking/content or insufficient evidence
/research/players/ibiden-co-ltd,0,3,0.0,38.666666666666664,,,Ranking/content or insufficient evidence
/research/players/ic-substrate,0,3,0.0,82.66666666666667,,,Ranking/content or insufficient evidence
/research/players/iisc-centre-for-nano-science-and-engineering-cense,0,3,0.0,26.333333333333332,,,Ranking/content or insufficient evidence
/research/players/indian-army,0,3,0.0,68.33333333333333,,,Ranking/content or insufficient evidence
/research/players/indian-navy,0,3,0.0,60.333333333333336,,,Ranking/content or insufficient evidence
/research/players/intel-3dgs-substrate-plant-bhubaneswar-khurda,0,3,0.0,5.333333333333333,,,Ranking/content or insufficient evidence
/research/players/ion-exchange-india-ltd,0,3,0.0,7.0,,,Ranking/content or insufficient evidence
/research/players/israel-aerospace-industries,0,3,0.0,4.666666666666666,,,Ranking/content or insufficient evidence
/research/players/kla-corporation,0,3,0.0,73.66666666666667,,,Ranking/content or insufficient evidence
/research/players/larsen-and-toubro-landt-medical-equipment,0,3,0.0,9.333333333333334,,,Ranking/content or insufficient evidence
/research/players/male-hale-uav-platforms,0,3,0.0,6.0,,,Ranking/content or insufficient evidence
/research/players/merck-life-sciences-india,0,3,0.0,66.0,,,Ranking/content or insufficient evidence
/research/players/ministry-of-defence-government-of-india,0,3,0.0,15.0,,,Ranking/content or insufficient evidence
/research/players/mtar-technologies,0,3,0.0,9.0,,,Ranking/content or insufficient evidence
/research/players/neogen-chemicals,0,3,0.0,7.0,,,Ranking/content or insufficient evidence
/research/players/niramai-health-analytix,0,3,0.0,67.33333333333333,,,Ranking/content or insufficient evidence
/research/players/npo-mashinostroyenia,0,3,0.0,53.666666666666664,,,Ranking/content or insufficient evidence
/research/players/oracle-corporation,0,3,0.0,38.666666666666664,,,Ranking/content or insufficient evidence
/research/players/pidilite-industries,0,3,0.0,9.0,,,Ranking/content or insufficient evidence
/research/players/powerchip-semiconductor-manufacturing-corporation,0,3,0.0,8.0,,,Ranking/content or insufficient evidence
/research/players/praxair-india-linde,0,3,0.0,32.0,,,Ranking/content or insufficient evidence
/research/players/px4-ardupilot-autopilot-stack,0,3,0.0,23.666666666666668,,,Ranking/content or insufficient evidence
/research/players/raytheon-coyote-block-2,0,3,0.0,44.0,,,Ranking/content or insufficient evidence
/research/players/raytheon-technologies-rtx,0,3,0.0,65.0,,,Ranking/content or insufficient evidence
/research/players/research-centre-imarat,0,3,0.0,19.666666666666668,,,Ranking/content or insufficient evidence
/research/players/schiebel-elektronische-ger-te-gmbh,0,3,0.0,22.666666666666668,,,Ranking/content or insufficient evidence
/research/players/semi-international,0,3,0.0,6.666666666666667,,,Ranking/content or insufficient evidence
/research/players/solar-defence-and-aerospace,0,3,0.0,33.333333333333336,,,Ranking/content or insufficient evidence
/research/players/subex,0,3,0.0,68.0,,,Ranking/content or insufficient evidence
/research/players/t-motor,0,3,0.0,39.333333333333336,,,Ranking/content or insufficient evidence
/research/players/tessolve-semiconductor-failure-analysis-lab,0,3,0.0,33.666666666666664,,,Ranking/content or insufficient evidence
/research/players/tessolve-semiconductor,0,3,0.0,48.666666666666664,,,Ranking/content or insufficient evidence
/research/players/ue-lifesciences,0,3,0.0,13.0,,,Ranking/content or insufficient evidence
/research/players/va-tech-wabag-limited,0,3,0.0,25.666666666666668,,,Ranking/content or insufficient evidence
/research/players/vestel-defence,0,3,0.0,8.333333333333332,,,Ranking/content or insufficient evidence
/research/players/vyoma-ai-data-centre-landt,0,3,0.0,30.333333333333332,,,Ranking/content or insufficient evidence
/research/space/company/satleo-labs,0,3,0.0,18.666666666666668,,,Ranking/content or insufficient evidence
/research/space/platform/lvm3,0,3,0.0,35.333333333333336,,,Ranking/content or insufficient evidence
/research/space/platform/scot-digantara,0,3,0.0,10.0,,,Ranking/content or insufficient evidence
/research/space/platform/vikram-2,0,3,0.0,7.0,,,Ranking/content or insufficient evidence
/research/suppliers/state/madhya-pradesh,0,3,0.0,8.0,,,Ranking/content or insufficient evidence
/research/suppliers?category=Toolmakers,0,3,0.0,10.0,,,Ranking/content or insufficient evidence
/research/suppliers?q=AT%26S%20Nanjangud%20Plant%202,0,3,0.0,37.666666666666664,,,Ranking/content or insufficient evidence
/research/suppliers?q=Bharat%20Fritz%20Werner%20(BFW),0,3,0.0,29.666666666666668,,,Ranking/content or insufficient evidence
/signals/drdo-conventional-missile-technology-transfer-indian-industry,0,3,0.0,3.6666666666666665,,,Ranking/content or insufficient evidence
/signals/mazagon-dock-dighi-raigad-27000-crore-shipbuilding-cluster-2026,0,3,0.0,7.666666666666667,,,Ranking/content or insufficient evidence
/support,0,3,0.0,4.0,,,Ranking/content or insufficient evidence
/dependencies/products/ivd-reagents-biochemical,1,2,0.5,64.5,,,Ranking/content or insufficient evidence
/dependencies/products/specialty-steel-electrical-grade,1,2,0.5,19.0,,,Ranking/content or insufficient evidence
/reports/india-aerospace-supply-chain-missing-links,1,2,0.5,5.0,,,Ranking/content or insufficient evidence
/research/entities/india-aerospace-supply-chain-missing-links,1,2,0.5,3.5,,,Ranking/content or insufficient evidence
/research/players/kamadhenu-stika,1,2,0.5,2.0,,,Ranking/content or insufficient evidence
/research/suppliers?q=Kennametal%20India,1,2,0.5,4.5,,,Ranking/content or insufficient evidence
/briefings/mature-nodes-are-not-a-consolation-prize,0,2,0.0,10.0,,,Ranking/content or insufficient evidence
/briefings/the-corridor-logic-of-industrial-policy,0,2,0.0,38.0,,,Ranking/content or insufficient evidence
/corrections,0,2,0.0,3.5,,,Ranking/content or insufficient evidence
/corridors/delhi-nagpur/nagpur,0,2,0.0,8.0,,,Ranking/content or insufficient evidence
/dependencies/products/5g-baseband-asic,0,2,0.0,7.0,,,Ranking/content or insufficient evidence
/dependencies/products/agrochemical-intermediates,0,2,0.0,40.0,,,Ranking/content or insufficient evidence
/dependencies/products/aircraft-aluminum-7075,0,2,0.0,3.5,,,Ranking/content or insufficient evidence
/dependencies/products/anti-cancer-apis-cytotoxic-047,0,2,0.0,53.5,,,Ranking/content or insufficient evidence
/dependencies/products/automotive-grade-mcu,0,2,0.0,30.0,,,Ranking/content or insufficient evidence
/dependencies/products/avionics-display-glass-cockpit,0,2,0.0,52.0,,,Ranking/content or insufficient evidence
/dependencies/products/battery-binders-pvdf-118,0,2,0.0,4.5,,,Ranking/content or insufficient evidence
/dependencies/products/bauxite-metallurgical-132,0,2,0.0,64.5,,,Ranking/content or insufficient evidence
/dependencies/products/bone-cement-pmma-115,0,2,0.0,6.0,,,Ranking/content or insufficient evidence
/dependencies/products/copper-concentrate-024,0,2,0.0,32.5,,,Ranking/content or insufficient evidence
/dependencies/products/core-router-100tbps,0,2,0.0,94.0,,,Ranking/content or insufficient evidence
/dependencies/products/endoscope-flexible-video,0,2,0.0,4.0,,,Ranking/content or insufficient evidence
/dependencies/products/epoxy-resins-electronic-grade-034,0,2,0.0,8.5,,,Ranking/content or insufficient evidence
/dependencies/products/gallium--germanium-060,0,2,0.0,6.0,,,Ranking/content or insufficient evidence
/dependencies/products/memory-dram-nand,0,2,0.0,1.5,,,Ranking/content or insufficient evidence
/dependencies/products/penicillin-g-api-011,0,2,0.0,6.0,,,Ranking/content or insufficient evidence
/dependencies/products/polyurethane-feedstock-mdi,0,2,0.0,2.5,,,Ranking/content or insufficient evidence
/dependencies/products/silver-paste-solar,0,2,0.0,27.5,,,Ranking/content or insufficient evidence
/dependencies/products/solar-junction-boxes-138,0,2,0.0,12.0,,,Ranking/content or insufficient evidence
/dependencies/products/tire-cord-pet-nylon,0,2,0.0,7.0,,,Ranking/content or insufficient evidence
/dependencies/sectors/aerospace,0,2,0.0,50.5,,,Ranking/content or insufficient evidence
/dependencies/sectors/defence,0,2,0.0,42.0,,,Ranking/content or insufficient evidence
/dependencies/sectors/metals-materials,0,2,0.0,60.0,,,Ranking/content or insufficient evidence
/dependencies/sectors/semiconductors,0,2,0.0,30.0,,,Ranking/content or insufficient evidence
/dependencies/states/bihar,0,2,0.0,62.0,,,Ranking/content or insufficient evidence
/dependencies/states/gujarat,0,2,0.0,88.5,,,Ranking/content or insufficient evidence
/dependencies/states/kerala,0,2,0.0,46.5,,,Ranking/content or insufficient evidence
/dependencies/states/sikkim,0,2,0.0,43.0,,,Ranking/content or insufficient evidence
/licensing,0,2,0.0,1.0,,,Ranking/content or insufficient evidence
/reports/iaf-autonomous-air-power/executive-summary,0,2,0.0,4.5,,,Ranking/content or insufficient evidence
/reports/india-lunar-economy,0,2,0.0,4.0,,,Ranking/content or insufficient evidence
/reports/theme/defence-and-dual-use,0,2,0.0,3.5,,,Ranking/content or insufficient evidence
/reports/theme/industrial-and-deep-tech,0,2,0.0,8.0,,,Ranking/content or insufficient evidence
/reports/theme/industrial-infrastructure,0,2,0.0,7.0,,,Ranking/content or insufficient evidence
/research/corridors/ai-medtech,0,2,0.0,22.5,,,Ranking/content or insufficient evidence
/research/corridors/defence,0,2,0.0,40.5,,,Ranking/content or insufficient evidence
/research/counter-uas/manufacturer/alpha-design-technologies-mfg-013,0,2,0.0,8.5,,,Ranking/content or insufficient evidence
/research/counter-uas/manufacturer/elbit-systems-mfg-032,0,2,0.0,7.5,,,Ranking/content or insufficient evidence
/research/counter-uas/manufacturer/kalyani-strategic-systems-bharat-forge-mfg-016,0,2,0.0,24.0,,,Ranking/content or insufficient evidence
/research/counter-uas/manufacturer/leonardo-mfg-025,0,2,0.0,13.5,,,Ranking/content or insufficient evidence
/research/counter-uas/system/aselsan-redet-cuas-cus-044,0,2,0.0,6.5,,,Ranking/content or insufficient evidence
/research/counter-uas/system/c-dac-anti-drone-system-cus-010,0,2,0.0,2.0,,,Ranking/content or insufficient evidence
/research/counter-uas/system/defence-anti-drone-system-dads-cus-008,0,2,0.0,2.0,,,Ranking/content or insufficient evidence
/research/counter-uas/system/diehl-defence-hpem-high-power-em-cus-055,0,2,0.0,5.5,,,Ranking/content or insufficient evidence
/research/counter-uas/system/epirus-leonidas-pod-hpm-cus-052,0,2,0.0,2.0,,,Ranking/content or insufficient evidence
/research/counter-uas/system/iai-elm-2182-drone-detection-radar-cus-028,0,2,0.0,2.0,,,Ranking/content or insufficient evidence
/research/counter-uas/system/iron-beam-laser-cuas-cus-051,0,2,0.0,3.5,,,Ranking/content or insufficient evidence
/research/counter-uas/system/kalyani-group-bharat-cuas-cus-058,0,2,0.0,2.0,,,Ranking/content or insufficient evidence
/research/counter-uas/system/leonardo-falcon-shield-cus-029,0,2,0.0,9.5,,,Ranking/content or insufficient evidence
/research/counter-uas/system/lockheed-martin-athena-cus-037,0,2,0.0,7.5,,,Ranking/content or insufficient evidence
/research/counter-uas/system/rafael-c-dome-naval-cus-025,0,2,0.0,3.5,,,Ranking/content or insufficient evidence
/research/counter-uas/system/saab-giraffe-amb-cuas-variant-cus-043,0,2,0.0,2.0,,,Ranking/content or insufficient evidence
/research/counter-uas/system/sapphire-counter-drone-dutch-origin-cus-048,0,2,0.0,6.5,,,Ranking/content or insufficient evidence
/research/counter-uas/system/skyfang-net-gun-portable-cus-046,0,2,0.0,5.5,,,Ranking/content or insufficient evidence
/research/counter-uas/system/spike-firefly-loitering-munition-anti-drone-capable-cus-026,0,2,0.0,32.5,,,Ranking/content or insufficient evidence
/research/counter-uas/system/thales-ground-master-60-cuas-variant-cus-030,0,2,0.0,2.0,,,Ranking/content or insufficient evidence
/research/drones-uas/company/aadhaar-tech-solutions-mfr-086,0,2,0.0,1.0,,,Ranking/content or insufficient evidence
/research/drones-uas/company/bharat-heavy-electricals-ltd-bhel-mfr-044,0,2,0.0,3.0,,,Ranking/content or insufficient evidence
/research/drones-uas/company/china-aerospace-science-technology-corp-casc-mfr-054,0,2,0.0,44.0,,,Ranking/content or insufficient evidence
/research/drones-uas/company/curphy-aero-systems-mfr-043,0,2,0.0,3.0,,,Ranking/content or insufficient evidence
/research/drones-uas/company/detect-technologies-mfr-047,0,2,0.0,12.5,,,Ranking/content or insufficient evidence
/research/drones-uas/company/dji-mfr-051,0,2,0.0,50.5,,,Ranking/content or insufficient evidence
/research/drones-uas/company/infosys-mfr-080,0,2,0.0,54.5,,,Ranking/content or insufficient evidence
/research/drones-uas/company/pratt-whitney-mfr-072,0,2,0.0,18.5,,,Ranking/content or insufficient evidence
/research/drones-uas/company/vestel-defence-mfr-053,0,2,0.0,8.0,,,Ranking/content or insufficient evidence
/research/drones-uas/company/wb-electronics-sa-mfr-006,0,2,0.0,17.0,,,Ranking/content or insufficient evidence
/research/drones-uas/platform/aero360-skyinspect-drn-0114,0,2,0.0,6.0,,,Ranking/content or insufficient evidence
/research/drones-uas/platform/blm-alpha-industries-alpha-2-early-indigenous-drn-0070,0,2,0.0,1.5,,,Ranking/content or insufficient evidence
/research/drones-uas/platform/curphy-aero-r-1-drn-0079,0,2,0.0,2.0,,,Ranking/content or insufficient evidence
/research/drones-uas/platform/cyient-uav-avionics-software-platform-drn-0060,0,2,0.0,6.0,,,Ranking/content or insufficient evidence
/research/drones-uas/platform/dji-air-3-drn-0125,0,2,0.0,22.0,,,Ranking/content or insufficient evidence
/research/drones-uas/platform/dji-mini-4-pro-drn-0126,0,2,0.0,38.5,,,Ranking/content or insufficient evidence
/research/drones-uas/platform/drdo-alfa-m-drn-0085,0,2,0.0,2.0,,,Ranking/content or insufficient evidence
/research/drones-uas/platform/drdo-cats-skyway-drn-0084,0,2,0.0,1.5,,,Ranking/content or insufficient evidence
/research/drones-uas/platform/droneacharya-multirotor-x-drn-0056,0,2,0.0,2.0,,,Ranking/content or insufficient evidence
/research/drones-uas/platform/droneacharya-surveyor-x-drn-0112,0,2,0.0,2.0,,,Ranking/content or insufficient evidence
/research/drones-uas/platform/ga-asi-avenger-predator-c-drn-0068,0,2,0.0,4.5,,,Ranking/content or insufficient evidence
/research/drones-uas/platform/garuda-gs-1000-drn-0032,0,2,0.0,2.0,,,Ranking/content or insufficient evidence
/research/drones-uas/platform/garuda-gs-2000-drn-0095,0,2,0.0,2.0,,,Ranking/content or insufficient evidence
/research/drones-uas/platform/hal-lakshya-production-drn-0051,0,2,0.0,2.0,,,Ranking/content or insufficient evidence
/research/drones-uas/platform/ideaforge-ryn-1-rynan-drn-0129,0,2,0.0,2.0,,,Ranking/content or insufficient evidence
/research/drones-uas/platform/marut-drones-ag-365-s-drn-0093,0,2,0.0,6.0,,,Ranking/content or insufficient evidence
/research/drones-uas/platform/marut-drones-ag-365-v-drn-0094,0,2,0.0,31.0,,,Ranking/content or insufficient evidence
/research/drones-uas/platform/nibe-vayuastra-drn-0131,0,2,0.0,10.5,,,Ranking/content or insufficient evidence
/research/drones-uas/platform/skye-air-skyship-drn-0037,0,2,0.0,2.0,,,Ranking/content or insufficient evidence
/research/drones-uas/platform/skylark-drones-surveyor-pro-drn-0111,0,2,0.0,4.5,,,Ranking/content or insufficient evidence
/research/drones-uas/platform/techeagle-vertiplane-x-5-drn-0106,0,2,0.0,2.0,,,Ranking/content or insufficient evidence
/research/drones-uas/platform/turkish-bayraktar-akinci-drn-0086,0,2,0.0,26.5,,,Ranking/content or insufficient evidence
/research/e/ecosystem/india-stack-f27825,0,2,0.0,71.0,,,Ranking/content or insufficient evidence
/research/e/mine/katghora-lithium-pge-block-ac0fc7,0,2,0.0,10.0,,,Ranking/content or insufficient evidence
/research/e/mineral_material/antimony-f5a16b,0,2,0.0,59.0,,,Ranking/content or insufficient evidence
/research/e/mineral_material/cobalt-37ccf2,0,2,0.0,76.5,,,Ranking/content or insufficient evidence
/research/e/mineral_material/specialty-process-gases-c7f6f0,0,2,0.0,43.0,,,Ranking/content or insufficient evidence
/research/e/mineral_material/titanium-sponge-03adb2,0,2,0.0,18.5,,,Ranking/content or insufficient evidence
/research/e/opportunity_surface/data-centre-electrical-and-mechanical-components-opportunity-surface-685057,0,2,0.0,85.0,,,Ranking/content or insufficient evidence
/research/e/technology/gan-on-sic-rf-mmic-314f57,0,2,0.0,5.5,,,Ranking/content or insufficient evidence
/research/e/technology/software-defined-radio-secure-comms-4a28c3,0,2,0.0,68.5,,,Ranking/content or insufficient evidence
/research/entities/advantest-corporation,0,2,0.0,75.0,,,Ranking/content or insufficient evidence
/research/entities/air-liquide,0,2,0.0,19.0,,,Ranking/content or insufficient evidence
/research/entities/analog-devices,0,2,0.0,84.0,,,Ranking/content or insufficient evidence
/research/entities/andes-technology,0,2,0.0,8.0,,,Ranking/content or insufficient evidence
/research/entities/asml-begins-india-operations-lithography-layer-2026,0,2,0.0,14.0,,,Ranking/content or insufficient evidence
/research/entities/astra-microwave-products-limited,0,2,0.0,22.5,,,Ranking/content or insufficient evidence
/research/entities/atands-austria-technologie-and-systemtechnik,0,2,0.0,36.5,,,Ranking/content or insufficient evidence
/research/entities/atands-india-nanjangud-plant,0,2,0.0,7.5,,,Ranking/content or insufficient evidence
/research/entities/azure-south-india-chennai,0,2,0.0,5.5,,,Ranking/content or insufficient evidence
/research/entities/battery-materials-processing-india,0,2,0.0,21.0,,,Ranking/content or insufficient evidence
/research/entities/besi-be-semiconductor-industries,0,2,0.0,57.5,,,Ranking/content or insufficient evidence
/research/entities/boeing-defense,0,2,0.0,55.0,,,Ranking/content or insufficient evidence
/research/entities/bureau-veritas-india,0,2,0.0,29.5,,,Ranking/content or insufficient evidence
/research/entities/cadence-design-systems,0,2,0.0,74.5,,,Ranking/content or insufficient evidence
/research/entities/camyen-catamarca-lithium-blocks-5,0,2,0.0,14.0,,,Ranking/content or insufficient evidence
/research/entities/china-northern-rare-earth-group,0,2,0.0,6.5,,,Ranking/content or insufficient evidence
/research/entities/cobalt-sulphate-refining,0,2,0.0,12.0,,,Ranking/content or insufficient evidence
/research/entities/data-centre-build-out-opportunity-surface,0,2,0.0,45.5,,,Ranking/content or insufficient evidence
/research/entities/data-patterns-india-limited,0,2,0.0,62.5,,,Ranking/content or insufficient evidence
/research/entities/defence-avionics-research-establishment,0,2,0.0,3.0,,,Ranking/content or insufficient evidence
/research/entities/defence-grade-semiconductors,0,2,0.0,2.0,,,Ranking/content or insufficient evidence
/research/entities/electronic-specialty-gases,0,2,0.0,13.0,,,Ranking/content or insufficient evidence
/research/entities/fab-water-recycling-and-treatment,0,2,0.0,15.5,,,Ranking/content or insufficient evidence
/research/entities/gas-turbine-research-establishment,0,2,0.0,8.0,,,Ranking/content or insufficient evidence
/research/entities/general-aeronautics,0,2,0.0,50.5,,,Ranking/content or insufficient evidence
/research/entities/github-inc,0,2,0.0,62.5,,,Ranking/content or insufficient evidence
/research/entities/gnani-ai,0,2,0.0,54.5,,,Ranking/content or insufficient evidence
/research/entities/gnss-module,0,2,0.0,47.0,,,Ranking/content or insufficient evidence
/research/entities/goods-and-services-tax-network-gstn,0,2,0.0,28.5,,,Ranking/content or insufficient evidence
/research/entities/google-cloud-mumbai-region,0,2,0.0,79.5,,,Ranking/content or insufficient evidence
/research/entities/high-purity-gases-chemicals-localisation-tata-inox-sumitomo-2026,0,2,0.0,8.0,,,Ranking/content or insufficient evidence
/research/entities/high-purity-minerals-for-semiconductors,0,2,0.0,86.0,,,Ranking/content or insufficient evidence
/research/entities/hindustan-zinc-limited-hzl,0,2,0.0,8.0,,,Ranking/content or insufficient evidence
/research/entities/iit-hyderabad,0,2,0.0,1.0,,,Ranking/content or insufficient evidence
/research/entities/india-ai-compute-corridor-economics,0,2,0.0,43.0,,,Ranking/content or insufficient evidence
/research/entities/india-ai-data-centre-cooling-2026-2035,0,2,0.0,6.0,,,Ranking/content or insufficient evidence
/research/entities/india-green-hydrogen,0,2,0.0,7.0,,,Ranking/content or insufficient evidence
/research/entities/india-industrial-water-opportunity-map,0,2,0.0,4.0,,,Ranking/content or insufficient evidence
/research/entities/india,0,2,0.0,1.0,,,Ranking/content or insufficient evidence
/research/entities/indian-navy,0,2,0.0,75.5,,,Ranking/content or insufficient evidence
/research/entities/jewar-noida-electronics-corridor,0,2,0.0,12.0,,,Ranking/content or insufficient evidence
/research/entities/jio-jamnagar-data-centre,0,2,0.0,7.0,,,Ranking/content or insufficient evidence
/research/entities/kalyani-strategic-systems,0,2,0.0,76.0,,,Ranking/content or insufficient evidence
/research/entities/kamadhenu-stika,0,2,0.0,5.0,,,Ranking/content or insufficient evidence
/research/entities/maruti-manesar-300kw-green-hydrogen-pilot-scale-gap-2026,0,2,0.0,5.0,,,Ranking/content or insufficient evidence
/research/entities/micron-technology,0,2,0.0,6.0,,,Ranking/content or insufficient evidence
/research/entities/mod-811-crore-bdl-sat-saaw-iaf-iddm-2026,0,2,0.0,2.0,,,Ranking/content or insufficient evidence
/research/entities/national-aluminium-company-limited-nalco,0,2,0.0,47.0,,,Ranking/content or insufficient evidence
/research/entities/naval-group,0,2,0.0,9.5,,,Ranking/content or insufficient evidence
/research/entities/neodymium-praseodymium,0,2,0.0,23.0,,,Ranking/content or insufficient evidence
/research/entities/niti-aayog-pact-zet-marketplace-electric-freight-2026,0,2,0.0,7.5,,,Ranking/content or insufficient evidence
/research/entities/ntt-bengaluru-4-campus,0,2,0.0,26.5,,,Ranking/content or insufficient evidence
/research/entities/pidilite-industries,0,2,0.0,47.0,,,Ranking/content or insufficient evidence
/research/entities/pm-e-drive-776-crore-ev-testing-infrastructure-2026,0,2,0.0,5.0,,,Ranking/content or insufficient evidence
/research/entities/polycab-india-limited,0,2,0.0,9.5,,,Ranking/content or insufficient evidence
/research/entities/rare-earth-elements-magnet-nd-pr-dy-tb,0,2,0.0,39.0,,,Ranking/content or insufficient evidence
/research/entities/saatvik-green-energy-1042-crore-seci-solar-modules-2026,0,2,0.0,8.5,,,Ranking/content or insufficient evidence
/research/entities/shree-ganesh-remedies-limited-sgrl,0,2,0.0,67.0,,,Ranking/content or insufficient evidence
/research/entities/siemens-eda,0,2,0.0,34.0,,,Ranking/content or insufficient evidence
/research/entities/specialised-shipping-container,0,2,0.0,2.0,,,Ranking/content or insufficient evidence
/research/entities/srf-limited-specialty-chemicals,0,2,0.0,52.0,,,Ranking/content or insufficient evidence
/research/entities/t-motor,0,2,0.0,15.0,,,Ranking/content or insufficient evidence
/research/entities/thyssenkrupp-marine-systems,0,2,0.0,37.5,,,Ranking/content or insufficient evidence
/research/entities/tricog-health,0,2,0.0,51.5,,,Ranking/content or insufficient evidence
/research/entities/unique-identification-authority-of-india-uidai,0,2,0.0,4.0,,,Ranking/content or insufficient evidence
/research/entities/uttar-pradesh-lands-45000-crore-semiconductor-solar-investments,0,2,0.0,8.5,,,Ranking/content or insufficient evidence
/research/entities/va-tech-wabag-limited,0,2,0.0,4.5,,,Ranking/content or insufficient evidence
/research/entities/vestel-defence,0,2,0.0,1.5,,,Ranking/content or insufficient evidence
/research/entities/vimag-labs,0,2,0.0,9.5,,,Ranking/content or insufficient evidence
/research/entities/wire-bonding,0,2,0.0,8.5,,,Ranking/content or insufficient evidence
/research/military-aerospace/company/airbus-ds,0,2,0.0,10.0,,,Ranking/content or insufficient evidence
/research/military-aerospace/company/dynamatic,0,2,0.0,35.5,,,Ranking/content or insufficient evidence
/research/military-aerospace/dependency/aerospace-titanium,0,2,0.0,8.0,,,Ranking/content or insufficient evidence
/research/military-aerospace/dependency/an32-ai20d-engine,0,2,0.0,4.0,,,Ranking/content or insufficient evidence
/research/military-aerospace/dependency/c130j-ae2100-engine,0,2,0.0,10.0,,,Ranking/content or insufficient evidence
/research/military-aerospace/dependency/c295-fadec,0,2,0.0,8.0,,,Ranking/content or insufficient evidence
/research/military-aerospace/dependency/c295-mission-system,0,2,0.0,10.5,,,Ranking/content or insufficient evidence
/research/military-aerospace/dependency/c390-fbw-actuators,0,2,0.0,6.5,,,Ranking/content or insufficient evidence
/research/military-aerospace/dependency/il76-d30kp-engine,0,2,0.0,6.5,,,Ranking/content or insufficient evidence
/research/military-aerospace/platform/mta,0,2,0.0,1.0,,,Ranking/content or insufficient evidence
/research/pillars/defence/entity/500t-self-propelled-fuel-barges,0,2,0.0,9.5,,,Ranking/content or insufficient evidence
/research/pillars/defence/entity/dassault-aviation,0,2,0.0,34.5,,,Ranking/content or insufficient evidence
/research/pillars/defence/entity/high-mobility-vehicles-hmv,0,2,0.0,8.5,,,Ranking/content or insufficient evidence
/research/pillars/defence/entity/hindustan-aeronautics-limited,0,2,0.0,7.5,,,Ranking/content or insufficient evidence
/research/pillars/defence/entity/ins-agray,0,2,0.0,8.0,,,Ranking/content or insufficient evidence
/research/pillars/defence/entity/ins-mahendragiri,0,2,0.0,10.0,,,Ranking/content or insufficient evidence
/research/pillars/defence/entity/mpatgm,0,2,0.0,5.5,,,Ranking/content or insufficient evidence
/research/pillars/defence/entity/mrsam,0,2,0.0,51.0,,,Ranking/content or insufficient evidence
/research/pillars/defence/entity/rudram-ii,0,2,0.0,68.5,,,Ranking/content or insufficient evidence
/research/pillars/defence/entity/t-72-main-battle-tank,0,2,0.0,12.0,,,Ranking/content or insufficient evidence
/research/players/3d-glass-substrates,0,2,0.0,13.0,,,Ranking/content or insufficient evidence
/research/players/aarti-industries-specialty-chemicals,0,2,0.0,6.0,,,Ranking/content or insufficient evidence
/research/players/adani-defence-interceptor-drone,0,2,0.0,7.0,,,Ranking/content or insufficient evidence
/research/players/aditya-birla-chemicals,0,2,0.0,39.5,,,Ranking/content or insufficient evidence
/research/players/adrde-drdo,0,2,0.0,8.0,,,Ranking/content or insufficient evidence
/research/players/aero-positioning,0,2,0.0,7.0,,,Ranking/content or insufficient evidence
/research/players/aeronautical-development-agency,0,2,0.0,8.5,,,Ranking/content or insufficient evidence
/research/players/amazon-web-services-india-healthcare-ai,0,2,0.0,27.5,,,Ranking/content or insufficient evidence
/research/players/applied-materials-india-validation-center,0,2,0.0,10.0,,,Ranking/content or insufficient evidence
/research/players/atsuya-technologies,0,2,0.0,7.0,,,Ranking/content or insufficient evidence
/research/players/atul-limited-specialty-chemicals,0,2,0.0,4.5,,,Ranking/content or insufficient evidence
/research/players/autofina-robotics,0,2,0.0,7.0,,,Ranking/content or insufficient evidence
/research/players/azure-south-india-chennai,0,2,0.0,55.0,,,Ranking/content or insufficient evidence
/research/players/baykar-technologies,0,2,0.0,33.5,,,Ranking/content or insufficient evidence
/research/players/bengaluru-semiconductor-ecosystem,0,2,0.0,8.5,,,Ranking/content or insufficient evidence
/research/players/bharat-heavy-electricals-ltd-bhel,0,2,0.0,4.5,,,Ranking/content or insufficient evidence
/research/players/bharatgen,0,2,0.0,10.0,,,Ranking/content or insufficient evidence
/research/players/big-bang-boom-solutions,0,2,0.0,10.0,,,Ranking/content or insufficient evidence
/research/players/bluehalo,0,2,0.0,8.0,,,Ranking/content or insufficient evidence
/research/players/bonv-aero,0,2,0.0,4.0,,,Ranking/content or insufficient evidence
/research/players/cadence-design-systems,0,2,0.0,36.5,,,Ranking/content or insufficient evidence
/research/players/carbon-based-uav-solutions,0,2,0.0,2.0,,,Ranking/content or insufficient evidence
/research/players/cognida-ai,0,2,0.0,39.0,,,Ranking/content or insufficient evidence
/research/players/cryoin-engineering,0,2,0.0,5.0,,,Ranking/content or insufficient evidence
/research/players/crystal-matrix-limited,0,2,0.0,12.5,,,Ranking/content or insufficient evidence
/research/players/data-centre-build-out-opportunity-surface,0,2,0.0,72.0,,,Ranking/content or insufficient evidence
/research/players/directorate-general-of-civil-aviation,0,2,0.0,14.0,,,Ranking/content or insufficient evidence
/research/players/edall-systems-pvt-ltd,0,2,0.0,9.5,,,Ranking/content or insufficient evidence
/research/players/emergency-procurement-mod,0,2,0.0,19.0,,,Ranking/content or insufficient evidence
/research/players/entegris-india,0,2,0.0,59.0,,,Ranking/content or insufficient evidence
/research/players/forbes-marshall,0,2,0.0,6.0,,,Ranking/content or insufficient evidence
/research/players/fortem-dronehunter,0,2,0.0,17.0,,,Ranking/content or insufficient evidence
/research/players/freiberger-compound-materials,0,2,0.0,5.0,,,Ranking/content or insufficient evidence
/research/players/freshworks-inc,0,2,0.0,42.0,,,Ranking/content or insufficient evidence
/research/players/fujifilm-corporation-electronic-materials,0,2,0.0,34.0,,,Ranking/content or insufficient evidence
/research/players/garuda-aerospace,0,2,0.0,4.5,,,Ranking/content or insufficient evidence
/research/players/geological-survey-of-india,0,2,0.0,59.0,,,Ranking/content or insufficient evidence
/research/players/gnani-ai,0,2,0.0,21.5,,,Ranking/content or insufficient evidence
/research/players/google-cloud-india,0,2,0.0,64.0,,,Ranking/content or insufficient evidence
/research/players/heg-limited,0,2,0.0,6.0,,,Ranking/content or insufficient evidence
/research/players/hindustan-copper-limited-hcl,0,2,0.0,18.5,,,Ranking/content or insufficient evidence
/research/players/hindustan-zinc-limited,0,2,0.0,42.0,,,Ranking/content or insufficient evidence
/research/players/hll-lifecare-hll-biochemistry,0,2,0.0,29.5,,,Ranking/content or insufficient evidence
/research/players/honeywell-electronic-materials,0,2,0.0,4.5,,,Ranking/content or insufficient evidence
/research/players/ii-vi-inc-now-coherent-corp,0,2,0.0,53.5,,,Ranking/content or insufficient evidence
/research/players/iit-hyderabad-healthtech-research-groups,0,2,0.0,57.5,,,Ranking/content or insufficient evidence
/research/players/iit-hyderabad,0,2,0.0,45.0,,,Ranking/content or insufficient evidence
/research/players/india-asia-xpress-india-europe-xpress-cable-systems,0,2,0.0,39.5,,,Ranking/content or insufficient evidence
/research/players/infosys,0,2,0.0,29.5,,,Ranking/content or insufficient evidence
/research/players/iotechworld-avigation,0,2,0.0,17.0,,,Ranking/content or insufficient evidence
/research/players/iqe-plc,0,2,0.0,66.5,,,Ranking/content or insufficient evidence
/research/players/kaynes-semicon-private-limited,0,2,0.0,38.5,,,Ranking/content or insufficient evidence
/research/players/kaynes-technology-india-limited,0,2,0.0,61.0,,,Ranking/content or insufficient evidence
/research/players/khanij-bidesh-india-limited-kabil,0,2,0.0,30.0,,,Ranking/content or insufficient evidence
/research/players/knds-france,0,2,0.0,46.5,,,Ranking/content or insufficient evidence
/research/players/larsen-and-toubro-construction-landt,0,2,0.0,26.5,,,Ranking/content or insufficient evidence
/research/players/matheson-gas-taiyo-nippon-sanso,0,2,0.0,7.0,,,Ranking/content or insufficient evidence
/research/players/ministry-of-electronics-and-information-technology-meity,0,2,0.0,22.0,,,Ranking/content or insufficient evidence
/research/players/national-critical-mineral-mission-ncmm,0,2,0.0,36.5,,,Ranking/content or insufficient evidence
/research/players/national-quantum-mission,0,2,0.0,20.5,,,Ranking/content or insufficient evidence
/research/players/national-test-house,0,2,0.0,28.5,,,Ranking/content or insufficient evidence
/research/players/ntt-global-data-centers-india,0,2,0.0,23.5,,,Ranking/content or insufficient evidence
/research/players/oncostem-diagnostics,0,2,0.0,8.5,,,Ranking/content or insufficient evidence
/research/players/openworks-engineering-bordtek,0,2,0.0,33.0,,,Ranking/content or insufficient evidence
/research/players/optimized-electrotech,0,2,0.0,26.5,,,Ranking/content or insufficient evidence
/research/players/osat-atmp-services,0,2,0.0,10.0,,,Ranking/content or insufficient evidence
/research/players/pixoastro-technologies,0,2,0.0,4.5,,,Ranking/content or insufficient evidence
/research/players/polycab-india-limited,0,2,0.0,40.5,,,Ranking/content or insufficient evidence
/research/players/qpiai,0,2,0.0,2.0,,,Ranking/content or insufficient evidence
/research/players/qualcomm,0,2,0.0,39.5,,,Ranking/content or insufficient evidence
/research/players/reserve-bank-of-india-rbi,0,2,0.0,28.0,,,Ranking/content or insufficient evidence
/research/players/risc-v-processor-ip,0,2,0.0,4.0,,,Ranking/content or insufficient evidence
/research/players/safran-aircraft-engines,0,2,0.0,13.5,,,Ranking/content or insufficient evidence
/research/players/sanand-semiconductor-cluster,0,2,0.0,16.0,,,Ranking/content or insufficient evidence
/research/players/semicon-2-0,0,2,0.0,7.0,,,Ranking/content or insufficient evidence
/research/players/servicenow-inc,0,2,0.0,21.0,,,Ranking/content or insufficient evidence
/research/players/shin-etsu-chemical-photoresist-division,0,2,0.0,7.0,,,Ranking/content or insufficient evidence
/research/players/shree-ganesh-remedies-limited-sgrl,0,2,0.0,76.5,,,Ranking/content or insufficient evidence
/research/players/sintered-ndfeb-permanent-magnet-manufacturing,0,2,0.0,9.0,,,Ranking/content or insufficient evidence
/research/players/solar-industries-india,0,2,0.0,36.0,,,Ranking/content or insufficient evidence
/research/players/sumitomo-electric-industries-compound-semiconductors,0,2,0.0,9.0,,,Ranking/content or insufficient evidence
/research/players/tokyo-ohka-kogyo,0,2,0.0,14.5,,,Ranking/content or insufficient evidence
/research/players/wipro,0,2,0.0,23.0,,,Ranking/content or insufficient evidence
/research/players/zen-interceptor-drone,0,2,0.0,7.0,,,Ranking/content or insufficient evidence
/research/space/company/etherealx,0,2,0.0,19.5,,,Ranking/content or insufficient evidence
/research/space/company/godrej-aerospace,0,2,0.0,9.5,,,Ranking/content or insufficient evidence
/research/space/company/grahaa-space,0,2,0.0,21.5,,,Ranking/content or insufficient evidence
/research/space/company/maxar,0,2,0.0,59.0,,,Ranking/content or insufficient evidence
/research/space/company/northrop-grumman-space,0,2,0.0,49.5,,,Ranking/content or insufficient evidence
/research/space/company/optimized-electrotech,0,2,0.0,46.0,,,Ranking/content or insufficient evidence
/research/space/company/skyroot-aerospace,0,2,0.0,5.5,,,Ranking/content or insufficient evidence
/research/space/company/thales-alenia-space,0,2,0.0,5.0,,,Ranking/content or insufficient evidence
/research/space/platform/agnibaan-sorang,0,2,0.0,1.5,,,Ranking/content or insufficient evidence
/research/space/platform/embrace-cosmoserv,0,2,0.0,5.5,,,Ranking/content or insufficient evidence
/research/space/platform/gaganyaan,0,2,0.0,7.0,,,Ranking/content or insufficient evidence
/research/suppliers/state/uttar-pradesh,0,2,0.0,6.5,,,Ranking/content or insufficient evidence
/research/suppliers?q=JSW%20Composites,0,2,0.0,7.5,,,Ranking/content or insufficient evidence
/signals/ai-corridor-competition,0,2,0.0,3.5,,,Ranking/content or insufficient evidence
/signals/amaravati-india-first-quantum-ai-university-nielit-meity,0,2,0.0,6.0,,,Ranking/content or insufficient evidence
/signals/battery-materials-processing-india,0,2,0.0,48.0,,,Ranking/content or insufficient evidence
/signals/critical-manufacturing-dependency-index-launch,0,2,0.0,1.5,,,Ranking/content or insufficient evidence
/signals/india-asia-mineral-processing-hub,0,2,0.0,5.0,,,Ranking/content or insufficient evidence
/signals/india-indigenous-turbojet-engine,0,2,0.0,43.0,,,Ranking/content or insufficient evidence
/signals/india-leases-two-mq-9b-seaguardian-indian-navy-indian-ocean-surveillance,0,2,0.0,6.5,,,Ranking/content or insufficient evidence
/signals/india-pli-uneven-record-component-gap,0,2,0.0,8.0,,,Ranking/content or insufficient evidence
/signals/refinery-equipment-technology-transfer,0,2,0.0,5.0,,,Ranking/content or insufficient evidence
/signals/visakhapatnam-coastal-ai,0,2,0.0,7.5,,,Ranking/content or insufficient evidence
/dependencies/products/aircraft-fasteners-titanium,1,1,1.0,41.0,,,Ranking/content or insufficient evidence
/research/entities/big-bang-boom-interceptor-drone,1,1,1.0,3.0,,,Ranking/content or insufficient evidence
/research/entities/proi73105-cobalt-powder-bk-25m,1,1,1.0,1.0,,,Ranking/content or insufficient evidence
/research/entities/q-day-india,1,1,1.0,2.0,,,Ranking/content or insufficient evidence
/research/players/drone-microcontrollers-and-socs,1,1,1.0,26.0,,,Ranking/content or insufficient evidence
/research/players/epirus,1,1,1.0,6.0,,,Ranking/content or insufficient evidence
/signals/kandla-port-based-e-methanol-plant-2300-crore-2026,1,1,1.0,44.0,,,Ranking/content or insufficient evidence
/briefings/reading-indias-semiconductor-incentive-architecture,0,1,0.0,48.0,,,Ranking/content or insufficient evidence
/corridors/vizag-chennai/kopparthi,0,1,0.0,1.0,,,Ranking/content or insufficient evidence
/dependencies/products/aircraft-brake-assemblies-112,0,1,0.0,9.0,,,Ranking/content or insufficient evidence
/dependencies/products/aircraft-wiring-harnesses-004,0,1,0.0,4.0,,,Ranking/content or insufficient evidence
/dependencies/products/analog-ics,0,1,0.0,7.0,,,Ranking/content or insufficient evidence
/dependencies/products/api-anti-tb-isoniazid,0,1,0.0,10.0,,,Ranking/content or insufficient evidence
/dependencies/products/api-paracetamol,0,1,0.0,54.0,,,Ranking/content or insufficient evidence
/dependencies/products/artillery-barrel-steel,0,1,0.0,4.0,,,Ranking/content or insufficient evidence
/dependencies/products/ball-screws-precision-141,0,1,0.0,2.0,,,Ranking/content or insufficient evidence
/dependencies/products/beryllium-copper-master-alloy-084,0,1,0.0,87.0,,,Ranking/content or insufficient evidence
/dependencies/products/biologics-media-bioreactor,0,1,0.0,10.0,,,Ranking/content or insufficient evidence
/dependencies/products/bms-asic,0,1,0.0,7.0,,,Ranking/content or insufficient evidence
/dependencies/products/bonding-wire-gold,0,1,0.0,71.0,,,Ranking/content or insufficient evidence
/dependencies/products/chiplet-advanced-packaging,0,1,0.0,3.0,,,Ranking/content or insufficient evidence
/dependencies/products/cnc-controls-open-architecture-045,0,1,0.0,5.0,,,Ranking/content or insufficient evidence
/dependencies/products/cnc-machine-tool-5-axis,0,1,0.0,6.0,,,Ranking/content or insufficient evidence
/dependencies/products/ct-x-ray-tubes-medical-019,0,1,0.0,1.0,,,Ranking/content or insufficient evidence
/dependencies/products/ct-x-ray-tubes-medical-139,0,1,0.0,1.0,,,Ranking/content or insufficient evidence
/dependencies/products/drone-flight-controller,0,1,0.0,3.0,,,Ranking/content or insufficient evidence
/dependencies/products/drone-payload-sensor,0,1,0.0,4.0,,,Ranking/content or insufficient evidence
/dependencies/products/electro-optic-targeting-pods-039,0,1,0.0,9.0,,,Ranking/content or insufficient evidence
/dependencies/products/etching-equipment,0,1,0.0,76.0,,,Ranking/content or insufficient evidence
/dependencies/products/ev-power-module,0,1,0.0,5.0,,,Ranking/content or insufficient evidence
/dependencies/products/gpon-ont-onu-modules-128,0,1,0.0,8.0,,,Ranking/content or insufficient evidence
/dependencies/products/helicopter-gearbox-075,0,1,0.0,54.0,,,Ranking/content or insufficient evidence
/dependencies/products/heparin-api-059,0,1,0.0,1.0,,,Ranking/content or insufficient evidence
/dependencies/products/ic-substrate-for-flip-chip-073,0,1,0.0,86.0,,,Ranking/content or insufficient evidence
/dependencies/products/industrial-sensors-precision,0,1,0.0,10.0,,,Ranking/content or insufficient evidence
/dependencies/products/industrial-vision-systems-057,0,1,0.0,11.0,,,Ranking/content or insufficient evidence
/dependencies/products/ksm-pyridine,0,1,0.0,11.0,,,Ranking/content or insufficient evidence
/dependencies/products/lithium-cathode-ncm,0,1,0.0,34.0,,,Ranking/content or insufficient evidence
/dependencies/products/logic-advanced-node,0,1,0.0,5.0,,,Ranking/content or insufficient evidence
/dependencies/products/mini-led-backlight-units-110,0,1,0.0,5.0,,,Ranking/content or insufficient evidence
/dependencies/products/molybdenum-oxide,0,1,0.0,10.0,,,Ranking/content or insufficient evidence
/dependencies/products/mrna-lipid-nanoparticles-107,0,1,0.0,4.0,,,Ranking/content or insufficient evidence
/dependencies/products/natural-flake-graphite,0,1,0.0,43.0,,,Ranking/content or insufficient evidence
/dependencies/products/oled-display-panels,0,1,0.0,49.0,,,Ranking/content or insufficient evidence
/dependencies/products/on-board-chargers-137,0,1,0.0,7.0,,,Ranking/content or insufficient evidence
/dependencies/products/optical-transceiver-400g,0,1,0.0,9.0,,,Ranking/content or insufficient evidence
/dependencies/products/precision-munitions-guidance-kit,0,1,0.0,3.0,,,Ranking/content or insufficient evidence
/dependencies/products/probe-cards-mems-type-037,0,1,0.0,2.0,,,Ranking/content or insufficient evidence
/dependencies/products/routers-edge-sd-wan,0,1,0.0,3.0,,,Ranking/content or insufficient evidence
/dependencies/products/satcom-lnbs--bucs-056,0,1,0.0,4.0,,,Ranking/content or insufficient evidence
/dependencies/products/satellite-thrusters-mono,0,1,0.0,69.0,,,Ranking/content or insufficient evidence
/dependencies/products/silicon-wafers-150mm,0,1,0.0,55.0,,,Ranking/content or insufficient evidence
/dependencies/products/solar-junction-boxes-018,0,1,0.0,1.0,,,Ranking/content or insufficient evidence
/dependencies/products/solar-tabbing-wire-006,0,1,0.0,7.0,,,Ranking/content or insufficient evidence
/dependencies/products/solder-paste--flux-semiconductor-049,0,1,0.0,10.0,,,Ranking/content or insufficient evidence
/dependencies/products/stainless-steel-slabs-specialty-048,0,1,0.0,10.0,,,Ranking/content or insufficient evidence
/dependencies/products/steroids-apis-035,0,1,0.0,9.0,,,Ranking/content or insufficient evidence
/dependencies/products/surfactants-industrial-070,0,1,0.0,2.0,,,Ranking/content or insufficient evidence
/dependencies/products/surgical-staplers-103,0,1,0.0,5.0,,,Ranking/content or insufficient evidence
/dependencies/products/tactical-data-links-003,0,1,0.0,3.0,,,Ranking/content or insufficient evidence
/dependencies/products/torpedo-propulsion-battery,0,1,0.0,14.0,,,Ranking/content or insufficient evidence
/dependencies/products/uv-stabilisers-hals-094,0,1,0.0,1.0,,,Ranking/content or insufficient evidence
/dependencies/products/vitamin-ksms-023,0,1,0.0,6.0,,,Ranking/content or insufficient evidence
/dependencies/products/wind-turbine-gearbox,0,1,0.0,58.0,,,Ranking/content or insufficient evidence
/dependencies/sectors/automotive-ev,0,1,0.0,87.0,,,Ranking/content or insufficient evidence
/dependencies/sectors/energy-renewables,0,1,0.0,18.0,,,Ranking/content or insufficient evidence
/dependencies/states/haryana,0,1,0.0,64.0,,,Ranking/content or insufficient evidence
/dependencies/states/karnataka,0,1,0.0,89.0,,,Ranking/content or insufficient evidence
/dependencies/states/manipur,0,1,0.0,51.0,,,Ranking/content or insufficient evidence
/feedback,0,1,0.0,1.0,,,Ranking/content or insufficient evidence
/refund,0,1,0.0,10.0,,,Ranking/content or insufficient evidence
/reports/cooling-economy-of-india,0,1,0.0,11.0,,,Ranking/content or insufficient evidence
/reports/india-ai-power-infrastructure-gap,0,1,0.0,6.0,,,Ranking/content or insufficient evidence
/reports/india-green-hydrogen/executive-summary,0,1,0.0,7.0,,,Ranking/content or insufficient evidence
/reports/india-military-aerospace-manufacturing-ecosystem,0,1,0.0,9.0,,,Ranking/content or insufficient evidence
/reports/kalpasar-economic-impact,0,1,0.0,16.0,,,Ranking/content or insufficient evidence
/reports/theme/ai-infrastructure-and-cooling,0,1,0.0,88.0,,,Ranking/content or insufficient evidence
/reports/theme/critical-manufacturing-dependencies,0,1,0.0,10.0,,,Ranking/content or insufficient evidence
/reports/theme/edge-ai-and-industrial-automation,0,1,0.0,78.0,,,Ranking/content or insufficient evidence
/research/counter-uas/manufacturer/big-bang-boom-solutions-mfg-006,0,1,0.0,44.0,,,Ranking/content or insufficient evidence
/research/counter-uas/manufacturer/bluehalo-mfg-041,0,1,0.0,3.0,,,Ranking/content or insufficient evidence
/research/counter-uas/manufacturer/brahmos-aerospace-mfg-019,0,1,0.0,92.0,,,Ranking/content or insufficient evidence
/research/counter-uas/manufacturer/openworks-engineering-bordtek-mfg-037,0,1,0.0,9.0,,,Ranking/content or insufficient evidence
/research/counter-uas/manufacturer/teledyne-flir-mfg-039,0,1,0.0,5.0,,,Ranking/content or insufficient evidence
/research/counter-uas/system/bordtek-skywall-100-cus-045,0,1,0.0,2.0,,,Ranking/content or insufficient evidence
/research/counter-uas/system/dedroneplatform-cus-034,0,1,0.0,2.0,,,Ranking/content or insufficient evidence
/research/counter-uas/system/esc-britecloud-drfm-decoy-cuas-capable-cus-049,0,1,0.0,11.0,,,Ranking/content or insufficient evidence
/research/counter-uas/system/rafael-drone-dome-cus-024,0,1,0.0,9.0,,,Ranking/content or insufficient evidence
/research/counter-uas/system/rafael-litening-5-eo-ir-pod-cuas-capable-cus-039,0,1,0.0,2.0,,,Ranking/content or insufficient evidence
/research/counter-uas/system/skylock-dome-cuas-cus-050,0,1,0.0,2.0,,,Ranking/content or insufficient evidence
/research/drones-uas/company/aeriosense-mfr-060,0,1,0.0,14.0,,,Ranking/content or insufficient evidence
/research/drones-uas/company/atsuya-technologies-mfr-059,0,1,0.0,22.0,,,Ranking/content or insufficient evidence
/research/drones-uas/company/cyient-ltd-mfr-022,0,1,0.0,4.0,,,Ranking/content or insufficient evidence
/research/drones-uas/company/droneverse-aviation-mfr-102,0,1,0.0,7.0,,,Ranking/content or insufficient evidence
/research/drones-uas/company/honeywell-aerospace-mfr-067,0,1,0.0,8.0,,,Ranking/content or insufficient evidence
/research/drones-uas/company/newspace-india-limited-nsil-mfr-034,0,1,0.0,35.0,,,Ranking/content or insufficient evidence
/research/drones-uas/company/npo-saturn-mfr-073,0,1,0.0,11.0,,,Ranking/content or insufficient evidence
/research/drones-uas/company/nvidia-mfr-075,0,1,0.0,15.0,,,Ranking/content or insufficient evidence
/research/drones-uas/company/quantum-systems-mfr-107,0,1,0.0,61.0,,,Ranking/content or insufficient evidence
/research/drones-uas/company/shenyang-aircraft-corp-sac-mfr-056,0,1,0.0,7.0,,,Ranking/content or insufficient evidence
/research/drones-uas/company/zen-technologies-ltd-mfr-091,0,1,0.0,60.0,,,Ranking/content or insufficient evidence
/research/drones-uas/platform/aebird-inspecto-drn-0054,0,1,0.0,2.0,,,Ranking/content or insufficient evidence
/research/drones-uas/platform/alpha-design-uav-avionics-suite-drn-0064,0,1,0.0,2.0,,,Ranking/content or insufficient evidence
/research/drones-uas/platform/bonv-aero-aero-x-drn-0076,0,1,0.0,2.0,,,Ranking/content or insufficient evidence
/research/drones-uas/platform/bonv-aero-cloudx-drn-0077,0,1,0.0,2.0,,,Ranking/content or insufficient evidence
/research/drones-uas/platform/detect-technologies-detect-1-drn-0110,0,1,0.0,2.0,,,Ranking/content or insufficient evidence
/research/drones-uas/platform/dji-agras-t40-drn-0075,0,1,0.0,7.0,,,Ranking/content or insufficient evidence
/research/drones-uas/platform/dji-mavic-3-thermal-drn-0127,0,1,0.0,8.0,,,Ranking/content or insufficient evidence
/research/drones-uas/platform/drdo-sling-drn-0028,0,1,0.0,2.0,,,Ranking/content or insufficient evidence
/research/drones-uas/platform/eplane-e100-drn-0108,0,1,0.0,2.0,,,Ranking/content or insufficient evidence
/research/drones-uas/platform/garuda-kv-1-guardian-drn-0030,0,1,0.0,2.0,,,Ranking/content or insufficient evidence
/research/drones-uas/platform/ig-drones-survey-drone-drn-0055,0,1,0.0,10.0,,,Ranking/content or insufficient evidence
/research/drones-uas/platform/newspace-sheshnaag-150-drn-0133,0,1,0.0,11.0,,,Ranking/content or insufficient evidence
/research/drones-uas/platform/solar-industries-nagastra-2-drn-0016,0,1,0.0,8.0,,,Ranking/content or insufficient evidence
/research/drones-uas/platform/vem-tech-gcs-100-drn-0065,0,1,0.0,2.0,,,Ranking/content or insufficient evidence
/research/e/mine/camyen-catamarca-lithium-blocks-5-c0051a,0,1,0.0,1.0,,,Ranking/content or insufficient evidence
/research/e/mineral_material/graphite-battery-anode-grade-d54d38,0,1,0.0,64.0,,,Ranking/content or insufficient evidence
/research/e/mineral_material/rare-earth-elements-magnet-nd-pr-dy-tb-4fc2e5,0,1,0.0,1.0,,,Ranking/content or insufficient evidence
/research/e/opportunity_surface/networking-and-optical-interconnects-opportunity-surface-7a612b,0,1,0.0,91.0,,,Ranking/content or insufficient evidence
/research/e/opportunity_surface/semiconductor-testing-opportunity-stream-ea737e,0,1,0.0,7.0,,,Ranking/content or insufficient evidence
/research/e/process/battery-grade-lithium-refining-007ba1,0,1,0.0,9.0,,,Ranking/content or insufficient evidence
/research/e/process/osat-atmp-services-e19913,0,1,0.0,53.0,,,Ranking/content or insufficient evidence
/research/e/process/rare-earth-separation-and-refining-solvent-extraction-d47719,0,1,0.0,30.0,,,Ranking/content or insufficient evidence
/research/e/process/sintered-ndfeb-permanent-magnet-manufacturing-ad441e,0,1,0.0,5.0,,,Ranking/content or insufficient evidence
/research/e/product/bldc-drone-motors-ee9047,0,1,0.0,80.0,,,Ranking/content or insufficient evidence
/research/e/product/drone-flight-controller-470653,0,1,0.0,8.0,,,Ranking/content or insufficient evidence
/research/e/product/optical-transceivers-d9edf1,0,1,0.0,78.0,,,Ranking/content or insufficient evidence
/research/e/product/semiconductor-fab-equipment-59d388,0,1,0.0,6.0,,,Ranking/content or insufficient evidence
/research/e/product/silicon-carbide-sic-devices-956248,0,1,0.0,71.0,,,Ranking/content or insufficient evidence
/research/e/product/uncooled-thermal-imaging-cameras-98da09,0,1,0.0,9.0,,,Ranking/content or insufficient evidence
/research/e/standard/cert-in-cyber-security-directions-28-april-2022-7067b5,0,1,0.0,61.0,,,Ranking/content or insufficient evidence
/research/e/standard/drone-rules-2021-e67c86,0,1,0.0,78.0,,,Ranking/content or insufficient evidence
/research/e/standard/positive-indigenisation-list-731666,0,1,0.0,24.0,,,Ranking/content or insufficient evidence
/research/e/technology/aesa-radar-gan-t-r-modules-108691,0,1,0.0,5.0,,,Ranking/content or insufficient evidence
/research/e/technology/ai-accelerators-gpu-2ee0b6,0,1,0.0,63.0,,,Ranking/content or insufficient evidence
/research/e/technology/c4isr-network-centric-software-869d78,0,1,0.0,31.0,,,Ranking/content or insufficient evidence
/research/e/technology/cooled-ir-focal-plane-arrays-b1f3d7,0,1,0.0,61.0,,,Ranking/content or insufficient evidence
/research/e/technology/electronic-warfare-elint-b6f764,0,1,0.0,32.0,,,Ranking/content or insufficient evidence
/research/e/technology/mosip-c10f7a,0,1,0.0,48.0,,,Ranking/content or insufficient evidence
/research/e/technology/naval-propulsion-marine-engines-952acd,0,1,0.0,44.0,,,Ranking/content or insufficient evidence
/research/e/technology/risc-v-processor-ip-ed1ea2,0,1,0.0,8.0,,,Ranking/content or insufficient evidence
/research/e/technology/submarine-air-independent-propulsion-dbae6a,0,1,0.0,16.0,,,Ranking/content or insufficient evidence
/research/e/university/iit-kharagpur-ai-school-of-medical-science-engineering-c3ecee,0,1,0.0,63.0,,,Ranking/content or insufficient evidence
/research/entities/3d-glass-substrates,0,1,0.0,14.0,,,Ranking/content or insufficient evidence
/research/entities/adaniconnex-chennai-1,0,1,0.0,10.0,,,Ranking/content or insufficient evidence
/research/entities/advanced-packaging-binding-constraint,0,1,0.0,3.0,,,Ranking/content or insufficient evidence
/research/entities/aerogramme,0,1,0.0,2.0,,,Ranking/content or insufficient evidence
/research/entities/ai-autonomy-and-target-recognition,0,1,0.0,10.0,,,Ranking/content or insufficient evidence
/research/entities/ai-medtech,0,1,0.0,10.0,,,Ranking/content or insufficient evidence
/research/entities/ail-dixon-technologies-pvt-ltd,0,1,0.0,9.0,,,Ranking/content or insufficient evidence
/research/entities/air-liquide-india,0,1,0.0,74.0,,,Ranking/content or insufficient evidence
/research/entities/asip-osat-visakhapatnam,0,1,0.0,7.0,,,Ranking/content or insufficient evidence
/research/entities/asm-technologies-semiconductor-division,0,1,0.0,61.0,,,Ranking/content or insufficient evidence
/research/entities/atotech-india-mks,0,1,0.0,1.0,,,Ranking/content or insufficient evidence
/research/entities/aviation-industry-corp-of-china-avic,0,1,0.0,51.0,,,Ranking/content or insufficient evidence
/research/entities/aws-asia-pacific-hyderabad,0,1,0.0,72.0,,,Ranking/content or insufficient evidence
/research/entities/battery-grade-lithium-refining,0,1,0.0,3.0,,,Ranking/content or insufficient evidence
/research/entities/battery-management-system,0,1,0.0,8.0,,,Ranking/content or insufficient evidence
/research/entities/battrixx-kabra-extrusiontechnik,0,1,0.0,9.0,,,Ranking/content or insufficient evidence
/research/entities/bharat-forge-pratt-whitney-canada-drdo-hale-uav-engine-2026,0,1,0.0,18.0,,,Ranking/content or insufficient evidence
/research/entities/bharatgen,0,1,0.0,72.0,,,Ranking/content or insufficient evidence
/research/entities/c-dac-test-engineering,0,1,0.0,10.0,,,Ranking/content or insufficient evidence
/research/entities/c-dac-trivandrum-vega-microprocessor,0,1,0.0,10.0,,,Ranking/content or insufficient evidence
/research/entities/c-met-hyderabad,0,1,0.0,1.0,,,Ranking/content or insufficient evidence
/research/entities/cemilac,0,1,0.0,12.0,,,Ranking/content or insufficient evidence
/research/entities/centum-electronics,0,1,0.0,32.0,,,Ranking/content or insufficient evidence
/research/entities/cg-semi-pvt-ltd-cg-power-renesas-jv,0,1,0.0,51.0,,,Ranking/content or insufficient evidence
/research/entities/china,0,1,0.0,6.0,,,Ranking/content or insufficient evidence
/research/entities/coal-india-critical-minerals-advanced-materials-platform-2026,0,1,0.0,3.0,,,Ranking/content or insufficient evidence
/research/entities/coal-india-singapore-subsidiary-critical-mineral-assets,0,1,0.0,6.0,,,Ranking/content or insufficient evidence
/research/entities/continental-device-india-pvt-ltd-cdil,0,1,0.0,8.0,,,Ranking/content or insufficient evidence
/research/entities/copper,0,1,0.0,9.0,,,Ranking/content or insufficient evidence
/research/entities/critical-minerals,0,1,0.0,26.0,,,Ranking/content or insufficient evidence
/research/entities/cryoin-engineering,0,1,0.0,1.0,,,Ranking/content or insufficient evidence
/research/entities/cuav,0,1,0.0,10.0,,,Ranking/content or insufficient evidence
/research/entities/cyient-cyient-dlm,0,1,0.0,68.0,,,Ranking/content or insufficient evidence
/research/entities/d-propulse-demonstrates-india-first-rotating-detonation-engine-trl5,0,1,0.0,6.0,,,Ranking/content or insufficient evidence
/research/entities/d-propulse,0,1,0.0,55.0,,,Ranking/content or insufficient evidence
/research/entities/dixon-technologies-india-ltd,0,1,0.0,14.0,,,Ranking/content or insufficient evidence
/research/entities/drdo-missile-tot-scale-node-india-2026,0,1,0.0,7.0,,,Ranking/content or insufficient evidence
/research/entities/drdo-randde-pune,0,1,0.0,5.0,,,Ranking/content or insufficient evidence
/research/entities/drona-aviation,0,1,0.0,80.0,,,Ranking/content or insufficient evidence
/research/entities/drone-battery-packs,0,1,0.0,10.0,,,Ranking/content or insufficient evidence
/research/entities/drone-electronics-flight-controllers,0,1,0.0,2.0,,,Ranking/content or insufficient evidence
/research/entities/drone-propulsion-localisation,0,1,0.0,9.0,,,Ranking/content or insufficient evidence
/research/entities/epirus,0,1,0.0,69.0,,,Ranking/content or insufficient evidence
/research/entities/flip-chip-packaging,0,1,0.0,13.0,,,Ranking/content or insufficient evidence
/research/entities/four-industrial-corridor-smart-cities-enter-production,0,1,0.0,11.0,,,Ranking/content or insufficient evidence
/research/entities/gail-india-limited,0,1,0.0,68.0,,,Ranking/content or insufficient evidence
/research/entities/gallium-nitride,0,1,0.0,16.0,,,Ranking/content or insufficient evidence
/research/entities/garden-reach-shipbuilders-and-engineers,0,1,0.0,81.0,,,Ranking/content or insufficient evidence
/research/entities/healthplix,0,1,0.0,8.0,,,Ranking/content or insufficient evidence
/research/entities/heg-limited,0,1,0.0,6.0,,,Ranking/content or insufficient evidence
/research/entities/henkel-loctite-electronic-materials,0,1,0.0,10.0,,,Ranking/content or insufficient evidence
/research/entities/holybro,0,1,0.0,5.0,,,Ranking/content or insufficient evidence
/research/entities/ic-substrate,0,1,0.0,9.0,,,Ranking/content or insufficient evidence
/research/entities/india-brazil-telecommunications-ict-cooperation-mou,0,1,0.0,8.0,,,Ranking/content or insufficient evidence
/research/entities/india-japan-maritime-security-pact-joint-naval-shipbuilding,0,1,0.0,9.0,,,Ranking/content or insufficient evidence
/research/entities/india-military-aerospace-manufacturing-ecosystem,0,1,0.0,3.0,,,Ranking/content or insufficient evidence
/research/entities/india-uk-autonomous-systems-working-group,0,1,0.0,9.0,,,Ranking/content or insufficient evidence
/research/entities/indiaai-independent-business-division,0,1,0.0,2.0,,,Ranking/content or insufficient evidence
/research/entities/indias-hidden-industrial-water-crisis,0,1,0.0,9.0,,,Ranking/content or insufficient evidence
/research/entities/kalyani-strategic-systems-bharat-forge,0,1,0.0,61.0,,,Ranking/content or insufficient evidence
/research/entities/kaynes-technology-india-limited,0,1,0.0,22.0,,,Ranking/content or insufficient evidence
/research/entities/knds-france,0,1,0.0,95.0,,,Ranking/content or insufficient evidence
/research/entities/lam-research-10000-crore-equipment-layer-2026,0,1,0.0,9.0,,,Ranking/content or insufficient evidence
/research/entities/lithography-systems,0,1,0.0,10.0,,,Ranking/content or insufficient evidence
/research/entities/manageengine-zoho-corp,0,1,0.0,69.0,,,Ranking/content or insufficient evidence
/research/entities/marine-grade-coatings,0,1,0.0,11.0,,,Ranking/content or insufficient evidence
/research/entities/mindgrove-technologies,0,1,0.0,69.0,,,Ranking/content or insufficient evidence
/research/entities/ministry-of-defence,0,1,0.0,1.0,,,Ranking/content or insufficient evidence
/research/entities/mitsui-high-tec-inc,0,1,0.0,2.0,,,Ranking/content or insufficient evidence
/research/entities/national-informatics-centre-nic,0,1,0.0,44.0,,,Ranking/content or insufficient evidence
/research/entities/npo-mashinostroyenia,0,1,0.0,57.0,,,Ranking/content or insufficient evidence
/research/entities/ntt-noida-2-campus,0,1,0.0,9.0,,,Ranking/content or insufficient evidence
/research/entities/omnivision,0,1,0.0,2.0,,,Ranking/content or insufficient evidence
/research/entities/onsemi,0,1,0.0,97.0,,,Ranking/content or insufficient evidence
/research/entities/optimized-electrotech,0,1,0.0,47.0,,,Ranking/content or insufficient evidence
/research/entities/pli-for-medical-devices,0,1,0.0,53.0,,,Ranking/content or insufficient evidence
/research/entities/power-management-ic,0,1,0.0,8.0,,,Ranking/content or insufficient evidence
/research/entities/quantum-orders-industrial-policy,0,1,0.0,13.0,,,Ranking/content or insufficient evidence
/research/entities/rare-earth-permanent-magnets-ndfeb,0,1,0.0,6.0,,,Ranking/content or insufficient evidence
/research/entities/raytheon-coyote-block-2,0,1,0.0,65.0,,,Ranking/content or insufficient evidence
/research/entities/refinery-equipment-technology-transfer,0,1,0.0,26.0,,,Ranking/content or insufficient evidence
/research/entities/research-centre-imarat,0,1,0.0,11.0,,,Ranking/content or insufficient evidence
/research/entities/robin-radar-systems,0,1,0.0,65.0,,,Ranking/content or insufficient evidence
/research/entities/sectrio,0,1,0.0,8.0,,,Ranking/content or insufficient evidence
/research/entities/semicon-2-0-ecosystem,0,1,0.0,8.0,,,Ranking/content or insufficient evidence
/research/entities/semiconductor-advanced-packaging-opportunity-stream,0,1,0.0,10.0,,,Ranking/content or insufficient evidence
/research/entities/semiconductor-final-test,0,1,0.0,50.0,,,Ranking/content or insufficient evidence
/research/entities/semiconductor-front-end-fab-supply-chain,0,1,0.0,10.0,,,Ranking/content or insufficient evidence
/research/entities/semiconductor-testing-opportunity-stream,0,1,0.0,2.0,,,Ranking/content or insufficient evidence
/research/entities/semiconductor-wet-chemicals,0,1,0.0,10.0,,,Ranking/content or insufficient evidence
/research/entities/sify-noida-02,0,1,0.0,8.0,,,Ranking/content or insufficient evidence
/research/entities/sintered-ndfeb-permanent-magnet-manufacturing,0,1,0.0,3.0,,,Ranking/content or insufficient evidence
/research/entities/skanray-technologies,0,1,0.0,9.0,,,Ranking/content or insufficient evidence
/research/entities/sovereign-compute-gpu-as-a-service-opportunity-surface,0,1,0.0,53.0,,,Ranking/content or insufficient evidence
/research/entities/specialty-semiconductor-gases-and-photoresist,0,1,0.0,9.0,,,Ranking/content or insufficient evidence
/research/entities/stt-chennai-siruseri-campus,0,1,0.0,5.0,,,Ranking/content or insufficient evidence
/research/entities/suchi-semicon,0,1,0.0,21.0,,,Ranking/content or insufficient evidence
/research/entities/sumedha-vlsi,0,1,0.0,89.0,,,Ranking/content or insufficient evidence
/research/entities/talent-constraint,0,1,0.0,4.0,,,Ranking/content or insufficient evidence
/research/entities/tata-communications-limited,0,1,0.0,3.0,,,Ranking/content or insufficient evidence
/research/entities/tata-elxsi,0,1,0.0,57.0,,,Ranking/content or insufficient evidence
/research/entities/tazmo-co-ltd,0,1,0.0,9.0,,,Ranking/content or insufficient evidence
/research/entities/tokyo-ohka-kogyo-co-ltd-tok,0,1,0.0,8.0,,,Ranking/content or insufficient evidence
/research/entities/toyota-kirloskar-motor,0,1,0.0,68.0,,,Ranking/content or insufficient evidence
/research/entities/ul-india,0,1,0.0,1.0,,,Ranking/content or insufficient evidence
/research/entities/ultrapure-water,0,1,0.0,9.0,,,Ranking/content or insufficient evidence
/research/entities/unimicron-technology-corporation,0,1,0.0,56.0,,,Ranking/content or insufficient evidence
/research/entities/unimicron,0,1,0.0,3.0,,,Ranking/content or insufficient evidence
/research/entities/varex-imaging,0,1,0.0,83.0,,,Ranking/content or insufficient evidence
/research/entities/vem-technologies-pvt-ltd,0,1,0.0,28.0,,,Ranking/content or insufficient evidence
/research/entities/voltas-limited,0,1,0.0,79.0,,,Ranking/content or insufficient evidence
/research/entities/wolfspeed-inc,0,1,0.0,6.0,,,Ranking/content or insufficient evidence
/research/entities/zhongke-sanhuan,0,1,0.0,26.0,,,Ranking/content or insufficient evidence
/research/explorer,0,1,0.0,1.0,,,Ranking/content or insufficient evidence
/research/military-aerospace/company/honeywell,0,1,0.0,63.0,,,Ranking/content or insufficient evidence
/research/military-aerospace/company/midhani,0,1,0.0,10.0,,,Ranking/content or insufficient evidence
/research/military-aerospace/company/moog-liebherr,0,1,0.0,7.0,,,Ranking/content or insufficient evidence
/research/military-aerospace/company/ukroborprom,0,1,0.0,5.0,,,Ranking/content or insufficient evidence
/research/military-aerospace/dependency/c295-hydraulics,0,1,0.0,3.0,,,Ranking/content or insufficient evidence
/research/military-aerospace/dependency/c295-self-protection,0,1,0.0,9.0,,,Ranking/content or insufficient evidence
/research/military-aerospace/platform/do228,0,1,0.0,9.0,,,Ranking/content or insufficient evidence
/research/pillars/ai-medtech,0,1,0.0,2.0,,,Ranking/content or insufficient evidence
/research/pillars/defence/entity/advanced-light-helicopters-alh,0,1,0.0,3.0,,,Ranking/content or insufficient evidence
/research/pillars/defence/entity/akash-weapon-system,0,1,0.0,7.0,,,Ranking/content or insufficient evidence
/research/pillars/defence/entity/anti-submarine-warfare-shallow-water-craft-programme,0,1,0.0,70.0,,,Ranking/content or insufficient evidence
/research/pillars/defence/entity/arudhra-radar,0,1,0.0,6.0,,,Ranking/content or insufficient evidence
/research/pillars/defence/entity/bharat-dynamics-limited,0,1,0.0,86.0,,,Ranking/content or insufficient evidence
/research/pillars/defence/entity/bmp-2-bmp-2k,0,1,0.0,3.0,,,Ranking/content or insufficient evidence
/research/pillars/defence/entity/department-of-defence-production,0,1,0.0,52.0,,,Ranking/content or insufficient evidence
/research/pillars/defence/entity/lca-tejas-mk1a,0,1,0.0,10.0,,,Ranking/content or insufficient evidence
/research/pillars/defence/entity/naval-sonar,0,1,0.0,68.0,,,Ranking/content or insufficient evidence
/research/pillars/defence/entity/rafale-m,0,1,0.0,74.0,,,Ranking/content or insufficient evidence
/research/pillars/defence/entity/tara-glide-weapon,0,1,0.0,76.0,,,Ranking/content or insufficient evidence
/research/pillars/defence/entity/trawl-tanks,0,1,0.0,2.0,,,Ranking/content or insufficient evidence
/research/players/adaniconnex-private-limited,0,1,0.0,3.0,,,Ranking/content or insufficient evidence
/research/players/adaniconnex,0,1,0.0,11.0,,,Ranking/content or insufficient evidence
/research/players/advanced-micro-devices-inc,0,1,0.0,9.0,,,Ranking/content or insufficient evidence
/research/players/aerogramme,0,1,0.0,2.0,,,Ranking/content or insufficient evidence
/research/players/air-liquide-india,0,1,0.0,12.0,,,Ranking/content or insufficient evidence
/research/players/alpha-design-technologies-pvt-ltd,0,1,0.0,4.0,,,Ranking/content or insufficient evidence
/research/players/amd,0,1,0.0,11.0,,,Ranking/content or insufficient evidence
/research/players/ants-ceramics,0,1,0.0,7.0,,,Ranking/content or insufficient evidence
/research/players/applied-materials-assembly-equipment,0,1,0.0,56.0,,,Ranking/content or insufficient evidence
/research/players/aravind-eye-care-system,0,1,0.0,10.0,,,Ranking/content or insufficient evidence
/research/players/atands,0,1,0.0,8.0,,,Ranking/content or insufficient evidence
/research/players/azenta-formerly-brooks-automation,0,1,0.0,26.0,,,Ranking/content or insufficient evidence
/research/players/bangalore-aeroverse-pvt-ltd,0,1,0.0,4.0,,,Ranking/content or insufficient evidence
/research/players/bgs-systems-bharat-global-systems,0,1,0.0,4.0,,,Ranking/content or insufficient evidence
/research/players/bharat-electronics-limited-test-lab,0,1,0.0,1.0,,,Ranking/content or insufficient evidence
/research/players/bharat-electronics-limited,0,1,0.0,10.0,,,Ranking/content or insufficient evidence
/research/players/bharatgen-iit-bombay-consortium,0,1,0.0,10.0,,,Ranking/content or insufficient evidence
/research/players/broadcom,0,1,0.0,42.0,,,Ranking/content or insufficient evidence
/research/players/c-met-hyderabad,0,1,0.0,89.0,,,Ranking/content or insufficient evidence
/research/players/c-met-pune,0,1,0.0,28.0,,,Ranking/content or insufficient evidence
/research/players/camyen-catamarca-lithium-blocks-5,0,1,0.0,7.0,,,Ranking/content or insufficient evidence
/research/players/centre-for-development-of-advanced-computing,0,1,0.0,12.0,,,Ranking/content or insufficient evidence
/research/players/cmp-slurries-and-pads,0,1,0.0,14.0,,,Ranking/content or insufficient evidence
/research/players/cobalt,0,1,0.0,37.0,,,Ranking/content or insufficient evidence
/research/players/controp-precision-technologies,0,1,0.0,6.0,,,Ranking/content or insufficient evidence
/research/players/critical-mineral-recycling-incentive-scheme,0,1,0.0,7.0,,,Ranking/content or insufficient evidence
/research/players/csir-nal-bengaluru,0,1,0.0,8.0,,,Ranking/content or insufficient evidence
/research/players/darwinbox,0,1,0.0,33.0,,,Ranking/content or insufficient evidence
/research/players/dcm-shriram-industries,0,1,0.0,4.0,,,Ranking/content or insufficient evidence
/research/players/defence-semiconductor-gan-sic-capability-chokepoint,0,1,0.0,52.0,,,Ranking/content or insufficient evidence
/research/players/department-of-defence-production,0,1,0.0,11.0,,,Ranking/content or insufficient evidence
/research/players/design-linked-incentive-scheme,0,1,0.0,18.0,,,Ranking/content or insufficient evidence
/research/players/diamond-aircraft-industries,0,1,0.0,6.0,,,Ranking/content or insufficient evidence
/research/players/dji,0,1,0.0,3.0,,,Ranking/content or insufficient evidence
/research/players/drdo-net-carrying-interceptor-drone,0,1,0.0,56.0,,,Ranking/content or insufficient evidence
/research/players/drone-rules-2021,0,1,0.0,10.0,,,Ranking/content or insufficient evidence
/research/players/edwards-vacuum,0,1,0.0,12.0,,,Ranking/content or insufficient evidence
/research/players/electronic-speed-controller,0,1,0.0,11.0,,,Ranking/content or insufficient evidence
/research/players/flyeaa-robotics,0,1,0.0,4.0,,,Ranking/content or insufficient evidence
/research/players/gan-on-sic-rf-mmic,0,1,0.0,18.0,,,Ranking/content or insufficient evidence
/research/players/garden-reach-shipbuilders-and-engineers,0,1,0.0,51.0,,,Ranking/content or insufficient evidence
/research/players/ge-aerospace,0,1,0.0,68.0,,,Ranking/content or insufficient evidence
/research/players/gnss-navigation-modules,0,1,0.0,95.0,,,Ranking/content or insufficient evidence
/research/players/graphite-battery-anode-grade,0,1,0.0,88.0,,,Ranking/content or insufficient evidence
/research/players/haier-appliances-india,0,1,0.0,24.0,,,Ranking/content or insufficient evidence
/research/players/hon-hai-technology-group,0,1,0.0,35.0,,,Ranking/content or insufficient evidence
/research/players/iit-kharagpur-ai-school-of-medical-science-and-engineering,0,1,0.0,55.0,,,Ranking/content or insufficient evidence
/research/players/imaging-ir-seeker,0,1,0.0,7.0,,,Ranking/content or insufficient evidence
/research/players/india-semiconductor-mission-ism-modified-scheme,0,1,0.0,6.0,,,Ranking/content or insufficient evidence
/research/players/indiaai-mission,0,1,0.0,48.0,,,Ranking/content or insufficient evidence
/research/players/indian-air-force,0,1,0.0,5.0,,,Ranking/content or insufficient evidence
/research/players/indian-oil-corporation-iocl,0,1,0.0,9.0,,,Ranking/content or insufficient evidence
/research/players/indrones-solutions,0,1,0.0,40.0,,,Ranking/content or insufficient evidence
/research/players/innaccel-technologies,0,1,0.0,5.0,,,Ranking/content or insufficient evidence
/research/players/inox-air-products-ltd,0,1,0.0,10.0,,,Ranking/content or insufficient evidence
/research/players/inverted-energy,0,1,0.0,15.0,,,Ranking/content or insufficient evidence
/research/players/isola-group-india,0,1,0.0,7.0,,,Ranking/content or insufficient evidence
/research/players/jcet-group,0,1,0.0,84.0,,,Ranking/content or insufficient evidence
/research/players/jl-mag-rare-earth,0,1,0.0,9.0,,,Ranking/content or insufficient evidence
/research/players/kalyani-strategic-systems,0,1,0.0,52.0,,,Ranking/content or insufficient evidence
/research/players/kingboard-holdings-india,0,1,0.0,6.0,,,Ranking/content or insufficient evidence
/research/players/krutrim-si-designs-private-limited,0,1,0.0,10.0,,,Ranking/content or insufficient evidence
/research/players/log9-materials,0,1,0.0,68.0,,,Ranking/content or insufficient evidence
/research/players/merck-india-randd-electronic-materials,0,1,0.0,76.0,,,Ranking/content or insufficient evidence
/research/players/metrology-and-inspection-tools,0,1,0.0,50.0,,,Ranking/content or insufficient evidence
/research/players/microsoft-ai-for-health-india-programmes,0,1,0.0,10.0,,,Ranking/content or insufficient evidence
/research/players/mineral-exploration-and-consultancy-limited,0,1,0.0,41.0,,,Ranking/content or insufficient evidence
/research/players/national-aerospace-laboratories,0,1,0.0,51.0,,,Ranking/content or insufficient evidence
/research/players/nxtra-data-limited,0,1,0.0,11.0,,,Ranking/content or insufficient evidence
/research/players/pall-india,0,1,0.0,16.0,,,Ranking/content or insufficient evidence
/research/players/predible-health,0,1,0.0,14.0,,,Ranking/content or insufficient evidence
/research/players/raphe-mphibr-logistics,0,1,0.0,10.0,,,Ranking/content or insufficient evidence
/research/players/raphe-mphibr-pvt-ltd,0,1,0.0,97.0,,,Ranking/content or insufficient evidence
/research/players/rheinmetall,0,1,0.0,86.0,,,Ranking/content or insufficient evidence
/research/players/salesforce-inc,0,1,0.0,1.0,,,Ranking/content or insufficient evidence
/research/players/samsung-electronics,0,1,0.0,54.0,,,Ranking/content or insufficient evidence
/research/players/sankara-nethralaya,0,1,0.0,11.0,,,Ranking/content or insufficient evidence
/research/players/sasken-technologies-ltd,0,1,0.0,59.0,,,Ranking/content or insufficient evidence
/research/players/sectrio,0,1,0.0,10.0,,,Ranking/content or insufficient evidence
/research/players/semi-conductor-laboratory,0,1,0.0,34.0,,,Ranking/content or insufficient evidence
/research/players/semiconductor-advanced-packaging-opportunity-stream,0,1,0.0,75.0,,,Ranking/content or insufficient evidence
/research/players/semiconductor-testing-opportunity-stream,0,1,0.0,3.0,,,Ranking/content or insufficient evidence
/research/players/sgs-india,0,1,0.0,68.0,,,Ranking/content or insufficient evidence
/research/players/shenyang-aircraft-corp-sac,0,1,0.0,156.0,,,Ranking/content or insufficient evidence
/research/players/shinko-electric-industries,0,1,0.0,9.0,,,Ranking/content or insufficient evidence
/research/players/shogini-technoarts,0,1,0.0,9.0,,,Ranking/content or insufficient evidence
/research/players/siemens-healthineers-india,0,1,0.0,63.0,,,Ranking/content or insufficient evidence
/research/players/sify-noida-02,0,1,0.0,3.0,,,Ranking/content or insufficient evidence
/research/players/silicon-carbide-sic-devices,0,1,0.0,70.0,,,Ranking/content or insufficient evidence
/research/players/solar-industries-india-limited,0,1,0.0,11.0,,,Ranking/content or insufficient evidence
/research/players/specs,0,1,0.0,1.0,,,Ranking/content or insufficient evidence
/research/players/srf-limited,0,1,0.0,5.0,,,Ranking/content or insufficient evidence
/research/players/stt-gdc-india,0,1,0.0,12.0,,,Ranking/content or insufficient evidence
/research/players/sumedha-vlsi,0,1,0.0,13.0,,,Ranking/content or insufficient evidence
/research/players/syrma-sgs-technology,0,1,0.0,9.0,,,Ranking/content or insufficient evidence
/research/players/taiwan-semiconductor-manufacturing-company,0,1,0.0,93.0,,,Ranking/content or insufficient evidence
/research/players/tanaka-holdings,0,1,0.0,1.0,,,Ranking/content or insufficient evidence
/research/players/tasl-interceptor-drone-concept,0,1,0.0,8.0,,,Ranking/content or insufficient evidence
/research/players/tata-communications-limited,0,1,0.0,11.0,,,Ranking/content or insufficient evidence
/research/players/tata-communications,0,1,0.0,51.0,,,Ranking/content or insufficient evidence
/research/players/tata-elxsi,0,1,0.0,18.0,,,Ranking/content or insufficient evidence
/research/players/tata-semiconductor-manufacturing,0,1,0.0,12.0,,,Ranking/content or insufficient evidence
/research/players/tata-sons-tata-group,0,1,0.0,9.0,,,Ranking/content or insufficient evidence
/research/players/tazmo-co-ltd,0,1,0.0,10.0,,,Ranking/content or insufficient evidence
/research/players/techeagle-ventures,0,1,0.0,4.0,,,Ranking/content or insufficient evidence
/research/players/teledyne-flir,0,1,0.0,94.0,,,Ranking/content or insufficient evidence
/research/players/tessolve-semiconductor-test-services,0,1,0.0,67.0,,,Ranking/content or insufficient evidence
/research/players/titanium-sponge,0,1,0.0,7.0,,,Ranking/content or insufficient evidence
/research/players/tokyo-electron-limited,0,1,0.0,7.0,,,Ranking/content or insufficient evidence
/research/players/tonbo-imaging,0,1,0.0,38.0,,,Ranking/content or insufficient evidence
/research/players/trivitron-healthcare,0,1,0.0,11.0,,,Ranking/content or insufficient evidence
/research/players/unimicron-technology-corporation,0,1,0.0,84.0,,,Ranking/content or insufficient evidence
/research/players/united-imaging,0,1,0.0,37.0,,,Ranking/content or insufficient evidence
/research/players/varex-imaging,0,1,0.0,51.0,,,Ranking/content or insufficient evidence
/research/players/vega-integrated-systems,0,1,0.0,3.0,,,Ranking/content or insufficient evidence
/research/players/vinati-organics,0,1,0.0,8.0,,,Ranking/content or insufficient evidence
/research/players/voltas-limited,0,1,0.0,4.0,,,Ranking/content or insufficient evidence
/research/players/vrde-drdo,0,1,0.0,98.0,,,Ranking/content or insufficient evidence
/research/players/wb-electronics-sa,0,1,0.0,7.0,,,Ranking/content or insufficient evidence
/research/players/wolfspeed-inc,0,1,0.0,10.0,,,Ranking/content or insufficient evidence
/research/players/wolfspeed,0,1,0.0,3.0,,,Ranking/content or insufficient evidence
/research/players/yotta-d1-greater-noida,0,1,0.0,26.0,,,Ranking/content or insufficient evidence
/research/players/zoho-corporation,0,1,0.0,66.0,,,Ranking/content or insufficient evidence
/research/space/company/in-space,0,1,0.0,1.0,,,Ranking/content or insufficient evidence
/research/space/platform/aditya-l1,0,1,0.0,11.0,,,Ranking/content or insufficient evidence
/research/space/platform/firefly-constellation,0,1,0.0,9.0,,,Ranking/content or insufficient evidence
/research/space/platform/thybolt-leap,0,1,0.0,2.0,,,Ranking/content or insufficient evidence
/research/space/platform/vikram-1,0,1,0.0,10.0,,,Ranking/content or insufficient evidence
/research/suppliers/?state=Gujarat,0,1,0.0,11.0,,,Ranking/content or insufficient evidence
/research/suppliers/state/haryana,0,1,0.0,2.0,,,Ranking/content or insufficient evidence
/research/suppliers/state/kerala,0,1,0.0,74.0,,,Ranking/content or insufficient evidence
/research/suppliers/state/rajasthan,0,1,0.0,6.0,,,Ranking/content or insufficient evidence
/research/suppliers?q=AT%26S%20India,0,1,0.0,8.0,,,Ranking/content or insufficient evidence
/research/suppliers?q=Aequs%20Aerospace%20Composites,0,1,0.0,8.0,,,Ranking/content or insufficient evidence
/research/suppliers?q=Centum%20Electronics,0,1,0.0,10.0,,,Ranking/content or insufficient evidence
/research/suppliers?q=Diamond%20Tools%20India,0,1,0.0,19.0,,,Ranking/content or insufficient evidence
/research/suppliers?q=Elpack%20EMS%20India,0,1,0.0,55.0,,,Ranking/content or insufficient evidence
/research/suppliers?q=Ingersoll%20Rand%20India%20(CNC%20Div),0,1,0.0,41.0,,,Ranking/content or insufficient evidence
/research/suppliers?q=Kennametal%2520India,0,1,0.0,1.0,,,Ranking/content or insufficient evidence
/research/suppliers?q=Kingtronics%20India,0,1,0.0,5.0,,,Ranking/content or insufficient evidence
/research/suppliers?q=Maa%20Durga%20Tools,0,1,0.0,11.0,,,Ranking/content or insufficient evidence
/research/suppliers?q=Shogini%20Technoarts,0,1,0.0,20.0,,,Ranking/content or insufficient evidence
/research/suppliers?q=Vasundhara%20CNC%20Industries,0,1,0.0,9.0,,,Ranking/content or insufficient evidence
/research/suppliers?q=Wendt%20India%20(Tooling%20Plant%202),0,1,0.0,10.0,,,Ranking/content or insufficient evidence
/research/suppliers?state=Gujarat,0,1,0.0,11.0,,,Ranking/content or insufficient evidence
/research/suppliers?state=Uttar%20Pradesh,0,1,0.0,11.0,,,Ranking/content or insufficient evidence
/signals/india-eight-structural-gaps-dependency,0,1,0.0,80.0,,,Ranking/content or insufficient evidence
/signals/india-javelin-tata-co-production-defence-industrial-base-2026,0,1,0.0,1.0,,,Ranking/content or insufficient evidence
/signals/india-state-manufacturing-capability-rankings,0,1,0.0,6.0,,,Ranking/content or insufficient evidence
/signals/niti-aayog-pact-zet-marketplace-electric-freight-2026,0,1,0.0,5.0,,,Ranking/content or insufficient evidence
/signals/quantum-orders-industrial-policy,0,1,0.0,35.0,,,Ranking/content or insufficient evidence
(not set),0,0,,0,,,Ranking/content or insufficient evidence
/`,0,0,,0,,,Ranking/content or insufficient evidence
/admin/subscribers,0,0,,0,,,Ranking/content or insufficient evidence
/dependencies/products/industrial-plc-advanced,0,0,,0,,,Ranking/content or insufficient evidence
/reports/india-cloud-question,0,0,,0,,,Ranking/content or insufficient evidence
/reports/q-day-india,0,0,,0,,,Ranking/content or insufficient evidence
/research/drones-uas/company/vu-dynamics,0,0,,0,,,Ranking/content or insufficient evidence
/research/methodology,0,0,,0,,,Ranking/content or insufficient evidence
/research/pillars/defence/entity/amca,0,0,,0,,,Ranking/content or insufficient evidence
/research/players/cg-semi-sanand-osat,0,0,,0,,,Ranking/content or insufficient evidence
/research/players/optical-transceivers,0,0,,0,,,Ranking/content or insufficient evidence
/research/suppliers/?q=Excel%20Fibre%20Glass%20Industries,0,0,,0,,,Ranking/content or insufficient evidence
/research/suppliers/?q=Kennametal%20India,0,0,,0,,,Ranking/content or insufficient evidence
/signals/linde-sanand-semiconductor-gas-facility-localising-molecule-2026,0,0,,0,,,Ranking/content or insufficient evidence
