Page,Recent clicks,Recent impressions,Recent CTR,Recent position,Previous clicks,Previous impressions,Previous CTR,Previous position
https://labs.techadyant.com/research/pillars/defence/entity/matangi-usv/,51,1330,0.038345864661654135,5.048872180451128,,,,
https://labs.techadyant.com/reports/india-ai-industrial-transition-2026-2035/,1,953,0.001049317943336831,5.921301154249738,1,547,0.0018281535648994515,9.50274223034735
https://labs.techadyant.com/research/military-aerospace/company/cemilac/,0,401,0,11.094763092269327,,,,
https://labs.techadyant.com/reports/,0,225,0,52.29333333333334,0,168,0,64.69047619047619
https://labs.techadyant.com/research/drones-uas/,0,224,0,12.263392857142858,0,156,0,48.532051282051285
https://labs.techadyant.com/corridors/odisha-economic/,6,208,0.028846153846153848,5.394230769230769,1,74,0.013513513513513514,4.743243243243244
https://labs.techadyant.com/research/explainers/oscom-odisha/,0,206,0,7.038834951456311,2,246,0.008130081300813009,7.300813008130081
https://labs.techadyant.com/research/counter-uas/,0,204,0,19.470588235294116,0,134,0,47.47761194029851
https://labs.techadyant.com/signals/indiaai-mission-gpu-compute-expansion/,0,175,0,8.188571428571429,0,817,0,8.069767441860465
https://labs.techadyant.com/corridors/delhi-mumbai/,2,171,0.011695906432748537,7.415204678362573,2,126,0.015873015873015872,8.484126984126984
https://labs.techadyant.com/corridors/bengaluru-mumbai/,1,168,0.005952380952380952,6.339285714285714,1,197,0.005076142131979695,7.32994923857868
https://labs.techadyant.com/research/military-aerospace/company/ada/,0,156,0,8.26923076923077,,,,
https://labs.techadyant.com/research/pillars/defence/entity/sagar-defence-engineering/,3,141,0.02127659574468085,7.078014184397163,,,,
https://labs.techadyant.com/signals/indian-army-aashvast-drone-electronics-security-assurance-lab/,0,139,0,11.043165467625899,,,,
https://labs.techadyant.com/signals/defence-acquisition-council-110000-crore-indian-industry-marine-gas-turbines-arudhra-2026/,0,124,0,6.661290322580645,,,,
https://labs.techadyant.com/corridors/amritsar-kolkata/,3,122,0.02459016393442623,8.295081967213115,3,147,0.02040816326530612,7.965986394557823
https://labs.techadyant.com/research/military-aerospace/company/gtre/,1,117,0.008547008547008548,11.153846153846153,0,13,0,22.46153846153846
https://labs.techadyant.com/research/entities/rbi-storage-of-payment-system-data-directive-2018/,0,112,0,9.294642857142858,0,33,0,11.303030303030303
https://labs.techadyant.com/research/military-aerospace/company/nal/,2,111,0.018018018018018018,25.315315315315317,,,,
https://labs.techadyant.com/signals/,1,110,0.00909090909090909,10.645454545454545,0,43,0,37.627906976744185
https://labs.techadyant.com/research/military-aerospace/company/aequs/,0,95,0,16.705263157894738,,,,
https://labs.techadyant.com/research/drones-uas/company/drdo-centre-for-airborne-systems-cabs-mfr-031/,0,94,0,9.457446808510639,2,88,0.022727272727272728,9.397727272727273
https://labs.techadyant.com/corridors/,1,90,0.011111111111111112,12.511111111111111,0,256,0,14.60546875
https://labs.techadyant.com/corridors/vizag-chennai/donakonda/,1,83,0.012048192771084338,6.542168674698795,,,,
https://labs.techadyant.com/research/military-aerospace/company/no1-brd-kanpur/,0,81,0,6.777777777777778,,,,
https://labs.techadyant.com/corridors/amritsar-kolkata/khurpia/,6,80,0.075,8.075,1,79,0.012658227848101266,8.405063291139241
https://labs.techadyant.com/research/military-aerospace/company/mahindra-aero/,0,71,0,27.845070422535212,,,,
https://labs.techadyant.com/corridors/hyderabad-nagpur/zaheerabad/,1,69,0.014492753623188406,7.434782608695652,,,,
https://labs.techadyant.com/corridors/chennai-bengaluru/ponneri/,0,67,0,6.582089552238806,2,22,0.09090909090909091,6.7272727272727275
https://labs.techadyant.com/signals/apollyon-ahuti-mk2-498-kmph-indigenous-drone-interceptor/,0,65,0,8.861538461538462,,,,
https://labs.techadyant.com/research/suppliers/category/precision-machining/,1,57,0.017543859649122806,30.263157894736842,1,55,0.01818181818181818,38.58181818181818
https://labs.techadyant.com/signals/pm-modi-5-8-semiconductor-plants-7-8-years/,0,55,0,8.672727272727272,0,75,0,9.16
https://labs.techadyant.com/research/drones-uas/company/drdo-aeronautical-development-establishment-ade-mfr-007/,0,52,0,8.365384615384615,0,3,0,8
https://labs.techadyant.com/research/pillars/defence/entity/brahmos-aerospace/,0,51,0,45.333333333333336,0,29,0,58
https://labs.techadyant.com/reports/kalpasar-economic-impact/executive-summary/,0,50,0,6.34,2,21,0.09523809523809523,6.238095238095238
https://labs.techadyant.com/corridors/delhi-nagpur/,4,49,0.08163265306122448,7.224489795918367,3,83,0.03614457831325301,7.048192771084337
https://labs.techadyant.com/signals/three-indian-semiconductor-plants-live-ism-20-approved-semicon-india-2026/,1,49,0.02040816326530612,7.877551020408164,1,14,0.07142857142857142,19.357142857142858
https://labs.techadyant.com/research/counter-uas/system/l-t-defence-counter-drone-system-cus-057/,0,47,0,7,0,63,0,8.238095238095237
https://labs.techadyant.com/previews/dholera-semiconductor-supplier-ecosystem-preview.pdf,3,45,0.06666666666666667,5.6,2,14,0.14285714285714285,5.642857142857143
https://labs.techadyant.com/research/entities/,0,44,0,5.840909090909091,0,26,0,6.038461538461538
https://labs.techadyant.com/research/suppliers/category/composites/,1,43,0.023255813953488372,16.53488372093023,0,21,0,29.857142857142858
https://labs.techadyant.com/corridors/hyderabad-warangal/kakatiya-textile-park/,0,43,0,6.953488372093023,0,22,0,14.636363636363637
https://labs.techadyant.com/signals/maval-366-hectare-defence-data-centre-industrial-estate-pune-2026/,0,43,0,4.883720930232558,,,,
https://labs.techadyant.com/corridors/vizag-chennai/kopparthy/,0,42,0,5.714285714285714,1,11,0.09090909090909091,7.636363636363637
https://labs.techadyant.com/corridors/vizag-chennai/,1,41,0.024390243902439025,6.951219512195122,0,24,0,8
https://labs.techadyant.com/research/space/platform/project-garud/,0,41,0,8.73170731707317,0,8,0,9.875
https://labs.techadyant.com/research/entities/advanced-semiconductor-packaging/,0,40,0,46.2,,,,
https://labs.techadyant.com/research/space/company/nsil/,0,40,0,13.05,0,11,0,23
https://labs.techadyant.com/corridors/hyderabad-warangal/,0,39,0,6.17948717948718,1,76,0.013157894736842105,6.7368421052631575
https://labs.techadyant.com/research/pillars/semiconductors/,0,39,0,21.94871794871795,0,1,0,8
https://labs.techadyant.com/research/entities/indiaai-mission-gpu-compute-expansion/,0,36,0,7.972222222222222,0,28,0,8.214285714285715
https://labs.techadyant.com/reports/india-tech-transfer-ecosystem/,1,35,0.02857142857142857,8.942857142857143,,,,
https://labs.techadyant.com/corridors/delhi-mumbai/iitgnl-greater-noida/,0,35,0,7.628571428571429,0,24,0,9.375
https://labs.techadyant.com/research/pillars/defence/entity/ge-f404-ge-in20-engine-for-lca-mk1a/,0,35,0,8.37142857142857,,,,
https://labs.techadyant.com/corridors/explainers/industrial-corridors-guide/,1,33,0.030303030303030304,7.636363636363637,2,109,0.01834862385321101,45.477064220183486
https://labs.techadyant.com/research/entities/pars-defence-powerus-guardian-counter-drone-manufacturing-india/,1,32,0.03125,9.59375,0,12,0,6.833333333333333
https://labs.techadyant.com/research/military-aerospace/company/aiesl/,0,31,0,11.419354838709678,,,,
https://labs.techadyant.com/research/military-aerospace/company/rr/,0,30,0,25.7,,,,
https://labs.techadyant.com/signals/asml-begins-india-operations-lithography-layer-2026/,2,29,0.06896551724137931,11.862068965517242,,,,
https://labs.techadyant.com/dependencies/,0,29,0,5.758620689655173,0,21,0,26.095238095238095
https://labs.techadyant.com/research/counter-uas/system/hensoldt-xpeller-counter-uas-cus-032/,0,29,0,8.275862068965516,0,11,0,8.818181818181818
https://labs.techadyant.com/research/pillars/defence/entity/ins-sanshodhak/,0,29,0,9.89655172413793,,,,
https://labs.techadyant.com/research/players/photoresist/,0,29,0,41.93103448275862,0,3,0,44.333333333333336
https://labs.techadyant.com/signals/pars-defence-powerus-guardian-counter-drone-manufacturing-india/,1,28,0.03571428571428571,9.392857142857142,1,18,0.05555555555555555,5.5
https://labs.techadyant.com/corridors/bengaluru-mumbai/dharwad/,0,28,0,3.8214285714285716,0,25,0,6.8
https://labs.techadyant.com/corridors/hyderabad-warangal/hyderabad-pharma-city/,0,28,0,8.607142857142858,0,28,0,19.964285714285715
https://labs.techadyant.com/research/space/platform/spadex/,0,28,0,9.142857142857142,0,3,0,22
https://labs.techadyant.com/corridors/delhi-mumbai/khushkhera-bhiwadi-neemrana/,1,27,0.037037037037037035,6.518518518518518,1,48,0.020833333333333332,7.791666666666667
https://labs.techadyant.com/research/drones-uas/platform/iai-searcher-mk-ii-drn-0003/,0,27,0,9.518518518518519,0,25,0,22.4
https://labs.techadyant.com/research/military-aerospace/,0,27,0,10.814814814814815,0,5,0,62.8
https://labs.techadyant.com/signals/drdo-zero-mk-20mk-dilution-refrigerator-tdf-2026/,0,27,0,7.148148148148148,,,,
https://labs.techadyant.com/research/space/platform/everest-engine/,0,26,0,8.461538461538462,0,4,0,8
https://labs.techadyant.com/research/space/company/akshath-aerospace/,1,25,0.04,6.76,0,8,0,5.75
https://labs.techadyant.com/research/suppliers/category/cnc-machining/,1,25,0.04,15.84,0,4,0,9
https://labs.techadyant.com/corridors/hyderabad-bengaluru/,0,25,0,7.12,1,22,0.045454545454545456,9.681818181818182
https://labs.techadyant.com/research/players/csir-immt-bhubaneswar/,0,25,0,9.4,0,61,0,10.868852459016393
https://labs.techadyant.com/research/suppliers/category/toolmaking/,0,25,0,9.88,0,11,0,12.727272727272727
https://labs.techadyant.com/signals/tata-dholera-vendor-park-materials-packaging-mous-2026/,0,25,0,6.76,,,,
https://labs.techadyant.com/,4,24,0.16666666666666666,6.958333333333333,1,94,0.010638297872340425,39.40425531914894
https://labs.techadyant.com/research/space/company/aadyah-space/,1,24,0.041666666666666664,5.25,0,1,0,59
https://labs.techadyant.com/signals/army-2715-logistic-drones-rfi/,1,24,0.041666666666666664,7.208333333333333,0,80,0,9.1625
https://labs.techadyant.com/reports/beyond-quantum-computing/,0,24,0,41.416666666666664,0,3,0,68.66666666666667
https://labs.techadyant.com/research/drones-uas/company/drdo-defence-electronics-research-laboratory-dlrl-mfr-032/,0,24,0,9.375,0,31,0,11
https://labs.techadyant.com/research/military-aerospace/platform/c295/,0,23,0,7.956521739130435,,,,
https://labs.techadyant.com/signals/bharat-forge-pratt-whitney-canada-drdo-hale-uav-engine-2026/,0,22,0,11.636363636363637,,,,
https://labs.techadyant.com/signals/maruti-manesar-300kw-green-hydrogen-pilot-scale-gap-2026/,0,22,0,15.909090909090908,,,,
https://labs.techadyant.com/corridors/delhi-mumbai/jodhpur-pali-marwar/,0,21,0,10.80952380952381,0,25,0,8.16
https://labs.techadyant.com/research/military-aerospace/company/boeing/,0,21,0,37.476190476190474,,,,
https://labs.techadyant.com/research/military-aerospace/company/tasl/,0,21,0,28.142857142857142,,,,
https://labs.techadyant.com/research/military-aerospace/company/tlmal/,0,21,0,9.428571428571429,,,,
https://labs.techadyant.com/research/pillars/defence/entity/self-propelled-mechanical-mine-layers-mml/,0,21,0,8.428571428571429,,,,
https://labs.techadyant.com/research/players/tata-advanced-systems-limited/,0,21,0,31.952380952380953,,,,
https://labs.techadyant.com/research/space/company/space-kidz-india/,0,21,0,29.38095238095238,0,9,0,38.44444444444444
https://labs.techadyant.com/corridors/bengaluru-mumbai/satara/,3,20,0.15,4.15,2,13,0.15384615384615385,4.153846153846153
https://labs.techadyant.com/research/pillars/critical-minerals/,0,20,0,8.1,0,5,0,8.4
https://labs.techadyant.com/research/pillars/defence/entity/hindustan-shipyard-limited/,0,20,0,7.85,0,1,0,11
https://labs.techadyant.com/signals/raksha-india-ten-year-defence-diplomacy-roadmap-2026/,0,20,0,6.8,,,,
https://labs.techadyant.com/reports/indian-navy-autonomous-maritime/,1,19,0.05263157894736842,8,,,,
https://labs.techadyant.com/corridors/amritsar-kolkata/rajpura-patiala/,0,19,0,8.31578947368421,0,18,0,14.61111111111111
https://labs.techadyant.com/newsletter/sanket-august-2026/,0,19,0,6.421052631578948,0,5,0,8.4
https://labs.techadyant.com/research/entities/electro-optical-infrared-payload/,0,19,0,51.94736842105263,,,,
https://labs.techadyant.com/research/military-aerospace/company/iaf/,0,19,0,14.052631578947368,,,,
https://labs.techadyant.com/research/military-aerospace/company/thales/,0,19,0,10.31578947368421,,,,
https://labs.techadyant.com/reports/india-ai-compute-corridor-economics/,0,18,0,6.388888888888889,0,1,0,77
https://labs.techadyant.com/reports/quantum-supply-chain/,0,18,0,8.5,0,5,0,44.8
https://labs.techadyant.com/research/players/micron-technology-india-sanand-atmp/,0,18,0,3.388888888888889,0,12,0,16.5
https://labs.techadyant.com/research/players/tata-semiconductor-assembly-and-test/,0,18,0,10.38888888888889,0,17,0,12.941176470588236
https://labs.techadyant.com/signals/isro-resumes-launches-gisat-1a-september/,0,18,0,6.777777777777778,0,7,0,10.142857142857142
https://labs.techadyant.com/corridors/delhi-mumbai/dadri-boraki/,0,17,0,5.764705882352941,0,2,0,3.5
https://labs.techadyant.com/corridors/delhi-mumbai/dighi-port/,0,17,0,7.882352941176471,0,46,0,6.456521739130435
https://labs.techadyant.com/corridors/vizag-chennai/chittoor/,0,17,0,7.352941176470588,0,27,0,12.074074074074074
https://labs.techadyant.com/reports/india-sensor-economy/,0,17,0,38.35294117647059,,,,
https://labs.techadyant.com/research/drones-uas/company/paras-defence-and-space-technologies-ltd-mfr-093/,0,17,0,27.470588235294116,0,12,0,28.25
https://labs.techadyant.com/research/drones-uas/platform/dhaksha-dh-agrigator-e10-drn-0140/,0,17,0,8.235294117647058,0,8,0,7.5
https://labs.techadyant.com/research/space/,0,17,0,9.352941176470589,0,1,0,7
https://labs.techadyant.com/research/space/company/antrix/,0,17,0,28.11764705882353,0,8,0,45
https://labs.techadyant.com/research/space/platform/scope-skyroot/,0,17,0,7.9411764705882355,0,6,0,8.333333333333332
https://labs.techadyant.com/signals/india-data-centre-capacity-1-57-gw-power-policy-2026/,0,17,0,7.647058823529412,,,,
https://labs.techadyant.com/signals/india-france-private-space-deals-sbs-iii-dhruva-safran-2026/,0,17,0,4,,,,
https://labs.techadyant.com/briefings/semicon-2-0-executive-briefing/,0,16,0,57.25,0,4,0,19.75
https://labs.techadyant.com/research/entities/applied-materials-3600-crore-karnataka-semiconductor-mou-2026/,0,16,0,6.875,,,,
https://labs.techadyant.com/research/military-aerospace/platform/c390/,0,16,0,9.875,,,,
https://labs.techadyant.com/research/space/company/isro/,0,16,0,21.75,0,12,0,23.916666666666668
https://labs.techadyant.com/signals/applied-materials-5-billion-india-vision-2035-equipment-layer/,0,16,0,7,,,,
https://labs.techadyant.com/corridors/delhi-mumbai/khushkhera-bhiwadi-neemrana,1,15,0.06666666666666667,7.066666666666666,3,24,0.125,5.5
https://labs.techadyant.com/research/drones-uas/platform/kawa-divyastra-mk3-drn-0132/,0,15,0,9.6,0,2,0,16.5
https://labs.techadyant.com/research/players/brahmos-aerospace/,0,15,0,29.8,0,74,0,32.91891891891892
https://labs.techadyant.com/research/players/rbi-storage-of-payment-system-data-directive-2018/,0,15,0,10.2,0,7,0,29.142857142857142
https://labs.techadyant.com/research/suppliers/category/pcb-manufacturing/,0,15,0,46,0,27,0,69.70370370370371
https://labs.techadyant.com/corridors/vizag-chennai/visakhapatnam/,1,14,0.07142857142857142,8.142857142857142,0,10,0,8.5
https://labs.techadyant.com/research/military-aerospace/company/lnt-defence/,1,14,0.07142857142857142,8.142857142857142,,,,
https://labs.techadyant.com/corridors/delhi-mumbai/nangal-chaudhary-imlh/,0,14,0,8.071428571428571,0,59,0,8.694915254237287
https://labs.techadyant.com/corridors/vizag-chennai/machilipatnam/,0,14,0,7.785714285714286,2,13,0.15384615384615385,4.769230769230769
https://labs.techadyant.com/reports/industrial-ai-in-indian-manufacturing/,0,14,0,41.5,0,19,0,56.578947368421055
https://labs.techadyant.com/research/drones-uas/company/wipro-mfr-081/,0,14,0,8.214285714285715,,,,
https://labs.techadyant.com/research/drones-uas/platform/drdo-panchi-drn-0012/,0,14,0,7.214285714285714,0,6,0,23.166666666666668
https://labs.techadyant.com/research/players/amara-raja-energy-and-mobility-ltd-aract/,0,14,0,10.571428571428571,,,,
https://labs.techadyant.com/research/players/irel-rare-earth-permanent-magnet-plant-repm-visakhapatnam/,1,13,0.07692307692307693,8,0,89,0,9.426966292134832
https://labs.techadyant.com/corridors/delhi-mumbai/vikram-udyogpuri/,0,13,0,6.769230769230769,0,12,0,5.75
https://labs.techadyant.com/corridors/hyderabad-nagpur/,0,13,0,7.230769230769231,0,71,0,7.323943661971831
https://labs.techadyant.com/reports/semicon-2-0-opportunity-map/,0,13,0,8.23076923076923,0,5,0,7.4
https://labs.techadyant.com/research/drones-uas/platform/drdo-lakshya-drn-0019/,0,13,0,7.846153846153846,0,10,0,40.2
https://labs.techadyant.com/research/military-aerospace/company/ceinsys/,0,13,0,51.07692307692308,,,,
https://labs.techadyant.com/research/military-aerospace/company/mahindra-defence/,0,13,0,13.461538461538462,,,,
https://labs.techadyant.com/research/pillars/defence/entity/akash-tarang-anti-uav-electronic-warfare-system/,0,13,0,7.230769230769231,0,3,0,9.666666666666666
https://labs.techadyant.com/research/players/landt-semiconductor-technologies/,0,13,0,12.692307692307692,0,11,0,23.818181818181817
https://labs.techadyant.com/research/players/sicsem-private-limited/,0,13,0,12.615384615384615,,,,
https://labs.techadyant.com/research/space/company/newspace-research/,0,13,0,63,0,9,0,66.77777777777777
https://labs.techadyant.com/research/space/platform/drishti-galaxeye/,0,13,0,46.53846153846154,0,7,0,68.71428571428571
https://labs.techadyant.com/signals/bel-600-crore-chitrakoot-defence-unit/,0,13,0,7.846153846153846,2,47,0.0425531914893617,8.595744680851064
https://labs.techadyant.com/signals/ecms-clears-31-electronics-component-projects-7877-crore/,0,13,0,6.384615384615385,0,4,0,8.25
https://labs.techadyant.com/signals/india-belgium-strategic-partnership-semiconductors-critical-minerals-defence-2026/,0,13,0,6.076923076923077,,,,
https://labs.techadyant.com/reports/critical-minerals-strategic-roadmap/,1,12,0.08333333333333333,5.75,0,4,0,67.75
https://labs.techadyant.com/research/drones-uas/platform/ideaforge-switch-mini-drn-0022/,1,12,0.08333333333333333,7.25,0,3,0,6
https://labs.techadyant.com/research/players/midwest-advanced-materials/,1,12,0.08333333333333333,7.083333333333333,0,21,0,7.904761904761905
https://labs.techadyant.com/reports/india-green-hydrogen/,0,12,0,6.75,0,9,0,17.555555555555557
https://labs.techadyant.com/research/entities/kal-indigenous-long-range-attack-drone-pokhran-trial-2026/,0,12,0,3.1666666666666665,,,,
https://labs.techadyant.com/research/military-aerospace/company/godrej-aerospace/,0,12,0,9.25,0,63,0,26.92063492063492
https://labs.techadyant.com/research/military-aerospace/dependency/c295-apu/,0,12,0,7.25,,,,
https://labs.techadyant.com/research/players/specialty-semiconductor-gases-and-photoresist/,0,12,0,8.666666666666668,,,,
https://labs.techadyant.com/research/players/tata-semiconductor-assembly-and-test-tsat/,0,12,0,7.916666666666667,0,29,0,18.137931034482758
https://labs.techadyant.com/research/space/company/cosmoserv-space/,0,12,0,9.083333333333334,0,1,0,7
https://labs.techadyant.com/research/space/company/hex20/,0,12,0,13.333333333333334,0,1,0,11
https://labs.techadyant.com/research/space/company/inorbit-space/,0,12,0,27.083333333333332,0,6,0,19.333333333333332
https://labs.techadyant.com/research/space/platform/navic/,0,12,0,72.41666666666667,0,18,0,73.61111111111111
https://labs.techadyant.com/signals/india-japan-maritime-security-pact-joint-naval-shipbuilding/,0,12,0,8.083333333333332,0,27,0,9.11111111111111
https://labs.techadyant.com/signals/critical-minerals-recycling-concept-paper-secondary-supply-2026/,2,11,0.18181818181818182,4.363636363636363,,,,
https://labs.techadyant.com/research/drones-uas/platform/skylark-skylark-3-drn-0048/,1,11,0.09090909090909091,9.545454545454545,1,4,0.25,50
https://labs.techadyant.com/signals/india-defence-psus-surge-capacity-indigenisation-roadmap-2026/,1,11,0.09090909090909091,5.181818181818182,0,2,0,7.5
https://labs.techadyant.com/about/,0,11,0,1.4545454545454546,3,45,0.06666666666666667,1.2444444444444445
https://labs.techadyant.com/corridors/odisha-economic/gbk/,0,11,0,5.454545454545454,0,5,0,4.8
https://labs.techadyant.com/research/counter-uas/manufacturer/israel-aerospace-industries-iai-elta-mfg-024/,0,11,0,25.09090909090909,0,13,0,47.23076923076923
https://labs.techadyant.com/research/drones-uas/company/elbit-systems-mfr-003/,0,11,0,6.7272727272727275,,,,
https://labs.techadyant.com/research/drones-uas/platform/ideaforge-netra-v2-drn-0023/,0,11,0,6.454545454545454,0,14,0,22.357142857142858
https://labs.techadyant.com/research/e/mineral_material/photoresist-e28124/,0,11,0,68.45454545454545,0,2,0,15
https://labs.techadyant.com/research/entities/army-2715-logistic-drones-rfi/,0,11,0,8.363636363636363,4,48,0.08333333333333333,8.9375
https://labs.techadyant.com/research/military-aerospace/dependency/c130j-radar/,0,11,0,7.818181818181818,,,,
https://labs.techadyant.com/research/players/india-electronics-and-semiconductor-association-iesa/,0,11,0,24.454545454545453,0,59,0,24.983050847457626
https://labs.techadyant.com/research/players/irel-india-limited/,0,11,0,10.545454545454545,0,6,0,23
https://labs.techadyant.com/signals/applied-materials-3600-crore-karnataka-semiconductor-mou-2026/,0,11,0,9.909090909090908,,,,
https://labs.techadyant.com/signals/coal-india-critical-minerals-advanced-materials-platform-2026/,0,11,0,7.090909090909091,,,,
https://labs.techadyant.com/signals/lt-together-ai-nvidia-b300-ai-factory-chennai/,0,11,0,5.454545454545454,0,1,0,9
https://labs.techadyant.com/signals/semicon-2-0-roadmap-7nm-3nm-100000-design-engineers/,0,11,0,7.363636363636363,1,6,0.16666666666666666,5.833333333333333
https://labs.techadyant.com/research/entities/water-behind-indias-semiconductor-ambitions/,1,10,0.1,6.4,0,5,0,7.8
https://labs.techadyant.com/corridors/cbic-kochi-extension/palakkad/,0,10,0,8.1,0,2,0,5.5
https://labs.techadyant.com/corridors/chennai-bengaluru/krishnapatnam/,0,10,0,5.7,0,6,0,21.166666666666668
https://labs.techadyant.com/corridors/hyderabad-bengaluru/orvakal/,0,10,0,6.2,0,10,0,6.6
https://labs.techadyant.com/research/drones-uas/company/garuda-aerospace-pvt-ltd-mfr-015/,0,10,0,3.5,,,,
https://labs.techadyant.com/research/drones-uas/platform/iai-harop-drn-0013/,0,10,0,9.2,0,8,0,19.125
https://labs.techadyant.com/research/drones-uas/platform/q-alpha-rhh-150-drn-0146/,0,10,0,4.8,0,33,0,5.666666666666667
https://labs.techadyant.com/research/drones-uas/platform/schiebel-camcopter-s-100-drn-0041/,0,10,0,8.1,1,5,0.2,31
https://labs.techadyant.com/research/entities/exide-energy-solutions-gigafactory-bengaluru/,0,10,0,7.9,0,3,0,10.333333333333334
https://labs.techadyant.com/research/military-aerospace/dependency/c130j-propeller/,0,10,0,9.7,0,2,0,31
https://labs.techadyant.com/research/military-aerospace/platform/il76/,0,10,0,9.2,,,,
https://labs.techadyant.com/research/pillars/ai-infrastructure/,0,10,0,24.7,0,10,0,25.9
https://labs.techadyant.com/research/players/indiaai-independent-business-division/,0,10,0,9.1,0,14,0,10.142857142857142
https://labs.techadyant.com/research/players/single-crystal-turbine-blade/,0,10,0,7.7,0,4,0,10.25
https://labs.techadyant.com/research/space/company/takeme2space/,0,10,0,8.8,,,,
https://labs.techadyant.com/signals/india-armenia-pralay-ballistic-missile-export-talks/,0,10,0,15.7,2,37,0.05405405405405406,6.918918918918919
https://labs.techadyant.com/signals/india-data-centre-capacity-surges-four-fold/,0,10,0,39.1,0,25,0,36.88
https://labs.techadyant.com/research/drones-uas/company/vem-technologies-pvt-ltd-mfr-019/,1,9,0.1111111111111111,7.333333333333333,0,10,0,36.4
https://labs.techadyant.com/corridors/hyderabad-bengaluru/kopparthy-hbic/,0,9,0,4.333333333333334,0,6,0,6.333333333333333
https://labs.techadyant.com/reports/india-loitering-munitions-market/,0,9,0,15.555555555555555,0,4,0,37.25
https://labs.techadyant.com/reports/who-builds-indias-drones/,0,9,0,9.222222222222221,1,14,0.07142857142857142,40.142857142857146
https://labs.techadyant.com/research/counter-uas/system/iai-drone-guard-cus-027/,0,9,0,8.555555555555555,,,,
https://labs.techadyant.com/research/drones-uas/company/hindustan-aeronautics-limited-hal-mfr-009/,0,9,0,3,,,,
https://labs.techadyant.com/research/drones-uas/company/ideaforge-technology-ltd-mfr-014/,0,9,0,4.222222222222222,0,2,0,24
https://labs.techadyant.com/research/drones-uas/platform/iai-heron-tp-drn-0002/,0,9,0,8.444444444444445,0,2,0,6.5
https://labs.techadyant.com/research/drones-uas/platform/solar-industries-nagastra-1-drn-0015/,0,9,0,5.333333333333333,,,,
https://labs.techadyant.com/research/e/technology/single-crystal-turbine-blade-7fe82d/,0,9,0,11.444444444444445,0,5,0,27.6
https://labs.techadyant.com/research/entities/cg-semi-private-limited/,0,9,0,7.777777777777778,0,3,0,10.333333333333334
https://labs.techadyant.com/research/entities/indian-air-force-pokhran-unmanned-systems-showcase-september-2026/,0,9,0,6.222222222222222,,,,
https://labs.techadyant.com/research/entities/mod-586-crore-apu-t72-t90-make-ii-2026/,0,9,0,6.444444444444445,,,,
https://labs.techadyant.com/research/military-aerospace/company/antonov/,0,9,0,7.888888888888889,,,,
https://labs.techadyant.com/research/players/asteria-aerospace/,0,9,0,7.555555555555555,0,8,0,11.625
https://labs.techadyant.com/research/space/company/agnikul-cosmos/,0,9,0,27.11111111111111,0,5,0,38.4
https://labs.techadyant.com/signals/lt-precision-engineering-drone-revenue-threefold-growth/,0,9,0,6.555555555555555,1,115,0.008695652173913044,7.243478260869566
https://labs.techadyant.com/signals/mod-586-crore-apu-t72-t90-make-ii-2026/,0,9,0,7.111111111111111,,,,
https://labs.techadyant.com/reports/q-day-india/executive-summary/,1,8,0.125,10.25,0,3,0,9
https://labs.techadyant.com/corridors/amritsar-kolkata/raghunathpur/,0,8,0,6.875,0,8,0,7.375
https://labs.techadyant.com/corridors/delhi-mumbai/auric-shendra-bidkin/,0,8,0,9.125,0,12,0,10.916666666666666
https://labs.techadyant.com/corridors/delhi-mumbai/dholera-sir/,0,8,0,5.125,0,10,0,6.6
https://labs.techadyant.com/research/drones-uas/company/drone-federation-of-india-dfi-mfr-090/,0,8,0,10.875,0,3,0,26.333333333333332
https://labs.techadyant.com/research/drones-uas/platform/adani-drishti-10-drn-0006/,0,8,0,5.25,0,3,0,10
https://labs.techadyant.com/research/drones-uas/platform/ideaforge-q4-inspire-drn-0099/,0,8,0,7.375,,,,
https://labs.techadyant.com/research/drones-uas/platform/ideaforge-switch-uav-3-0-drn-0098/,0,8,0,9.75,0,6,0,8.333333333333332
https://labs.techadyant.com/research/drones-uas/platform/ideaforge-switch-v2-drn-0142/,0,8,0,14.75,0,3,0,46.333333333333336
https://labs.techadyant.com/research/drones-uas/platform/turkish-vestel-karayel-drn-0087/,0,8,0,7.125,0,4,0,14
https://labs.techadyant.com/research/entities/izi-demonstrates-vana-tethered-drone-indian-army-5000-unit-procurement/,0,8,0,6.75,,,,
https://labs.techadyant.com/research/military-aerospace/platform/c130j/,0,8,0,7.75,,,,
https://labs.techadyant.com/research/pillars/defence/,0,8,0,5.125,0,12,0,39.916666666666664
https://labs.techadyant.com/research/pillars/defence/entity/air-ship-based-high-altitude-pseudo-satellite-as-haps/,0,8,0,4.875,0,1,0,62
https://labs.techadyant.com/research/pillars/defence/entity/multi-role-fighter-aircraft-mrfa-rafale/,0,8,0,10.875,0,5,0,18.6
https://labs.techadyant.com/research/players/advanced-systems-laboratory/,0,8,0,7.625,0,13,0,14.461538461538462
https://labs.techadyant.com/research/players/hindustan-aeronautics-limited/,0,8,0,4.625,0,1,0,62
https://labs.techadyant.com/research/players/mitsui-high-tec-inc/,0,8,0,4.875,0,5,0,3.6
https://labs.techadyant.com/research/space/company/department-of-space/,0,8,0,17.125,0,1,0,73
https://labs.techadyant.com/research/space/platform/rudra-arka-bellatrix/,0,8,0,7.875,0,1,0,11
https://labs.techadyant.com/signals/drdo-gallium-nitride-gan-radar-electronic-warfare-indigenous-2026/,0,8,0,9.25,,,,
https://labs.techadyant.com/signals/kal-indigenous-long-range-attack-drone-pokhran-trial-2026/,0,8,0,6.125,,,,
https://labs.techadyant.com/signals/magnet-free-motors-rare-earth-value-chain/,0,8,0,9.375,,,,
https://labs.techadyant.com/corridors/cbic-kochi-extension/salem-dharmapuri/,1,7,0.14285714285714285,7,0,5,0,6
https://labs.techadyant.com/research/military-aerospace/company/ratier/,1,7,0.14285714285714285,7.571428571428571,0,9,0,13.222222222222221
https://labs.techadyant.com/corridors/amritsar-kolkata/hisar/,0,7,0,6.857142857142857,0,8,0,12.625
https://labs.techadyant.com/reports/dholera-semiconductor-supplier-ecosystem/,0,7,0,8.571428571428571,0,2,0,7
https://labs.techadyant.com/research/counter-uas/manufacturer/c-dac-centre-for-development-of-advanced-computing-mfg-010/,0,7,0,10,0,2,0,6.5
https://labs.techadyant.com/research/counter-uas/system/sm-netra-anti-drone-system-cus-012/,0,7,0,5,0,5,0,6
https://labs.techadyant.com/research/drones-uas/company/baykar-technologies-mfr-052/,0,7,0,10.428571428571429,0,6,0,45.666666666666664
https://labs.techadyant.com/research/drones-uas/platform/av-switchblade-300-drn-0017/,0,7,0,5.285714285714286,2,8,0.25,38.125
https://labs.techadyant.com/research/drones-uas/platform/botlab-atri-drn-0144/,0,7,0,4.714285714285714,,,,
https://labs.techadyant.com/research/drones-uas/platform/endureair-sabal-200-drn-0136/,0,7,0,8,0,12,0,6.916666666666667
https://labs.techadyant.com/research/drones-uas/platform/iai-green-dragon-drn-0103/,0,7,0,8.428571428571429,0,3,0,8.666666666666668
https://labs.techadyant.com/research/drones-uas/platform/iai-searcher-mk-iii-drn-0053/,0,7,0,5.571428571428571,0,8,0,29
https://labs.techadyant.com/research/entities/ecms-clears-31-electronics-component-projects-7877-crore/,0,7,0,8,0,3,0,29.333333333333332
https://labs.techadyant.com/research/entities/kaveri-dry-engine-48-5kn-thrust-ghatak-ucav-2026/,0,7,0,7.428571428571429,,,,
https://labs.techadyant.com/research/entities/khanij-bidesh-india-limited-kabil/,0,7,0,9.142857142857142,0,12,0,16.083333333333336
https://labs.techadyant.com/research/entities/semiconductor-osat-supply-chain/,0,7,0,20.857142857142858,,,,
https://labs.techadyant.com/research/military-aerospace/dependency/c295-landing-gear/,0,7,0,8.428571428571429,,,,
https://labs.techadyant.com/research/military-aerospace/dependency/c295-propeller/,0,7,0,6,0,3,0,21
https://labs.techadyant.com/research/patents/,0,7,0,11.714285714285714,0,7,0,49.57142857142857
https://labs.techadyant.com/research/players/azad-engineering-limited/,0,7,0,7.857142857142857,0,1,0,11
https://labs.techadyant.com/research/players/drdo-randde-pune/,0,7,0,9.285714285714286,0,16,0,17.1875
https://labs.techadyant.com/research/players/india-chip-pvt-ltd-hcl-foxconn-jv/,0,7,0,10.142857142857142,0,3,0,9.333333333333334
https://labs.techadyant.com/research/players/rafael-advanced-defense-systems/,0,7,0,4.428571428571429,,,,
https://labs.techadyant.com/research/space/company/galaxeye/,0,7,0,48.285714285714285,0,11,0,65.18181818181819
https://labs.techadyant.com/research/space/company/nspace-tech/,0,7,0,8.571428571428571,0,3,0,13
https://labs.techadyant.com/search/,0,7,0,2.2857142857142856,0,38,0,1
https://labs.techadyant.com/signals/india-manufacturing-chokepoints-cmdi/,0,7,0,7.285714285714286,0,1,0,1
https://labs.techadyant.com/signals/kabil-argentina-lithium-production-4-5-years/,0,7,0,7,0,14,0,7.571428571428571
https://labs.techadyant.com/signals/pm-e-drive-776-crore-ev-testing-infrastructure-2026/,0,7,0,3.5714285714285716,,,,
https://labs.techadyant.com/research/drones-uas/company/drdo-research-centre-imarat-rci-mfr-033/,1,6,0.16666666666666666,9,0,12,0,11.75
https://labs.techadyant.com/research/drones-uas/platform/ideaforge-netra-v4-pro-drn-0024/,1,6,0.16666666666666666,7.166666666666667,0,2,0,10
https://labs.techadyant.com/research/drones-uas/platform/newspace-alfa-s-drn-0044/,1,6,0.16666666666666666,4.5,0,4,0,7
https://labs.techadyant.com/research/entities/cohizon-life-sciences-formerly-sajjan-india-ltd/,1,6,0.16666666666666666,16.5,0,39,0,17.128205128205128
https://labs.techadyant.com/research/military-aerospace/platform/an32/,1,6,0.16666666666666666,8.166666666666668,,,,
https://labs.techadyant.com/research/pillars/defence/entity/advanced-defence-materials-and-superalloys/,1,6,0.16666666666666666,2.166666666666667,,,,
https://labs.techadyant.com/reports/beyond-solar-panels/,0,6,0,5.333333333333333,0,1,0,2
https://labs.techadyant.com/reports/beyond-solar-panels/executive-summary/,0,6,0,5,0,3,0,4.666666666666666
https://labs.techadyant.com/reports/india-drone-sensors-payloads-imaging-market/,0,6,0,33.833333333333336,0,4,0,35.5
https://labs.techadyant.com/research/counter-uas/manufacturer/rafael-advanced-defense-systems-mfg-023/,0,6,0,5.333333333333333,0,5,0,63
https://labs.techadyant.com/research/counter-uas/system/bharat-dynamics-limited-bdl-counter-drone-cus-060/,0,6,0,6.5,0,5,0,6.8
https://labs.techadyant.com/research/counter-uas/system/rtx-high-energy-laser-weapon-system-helws-cus-036/,0,6,0,6.833333333333333,0,1,0,10
https://labs.techadyant.com/research/drones-uas/company/apollyon-dynamics-mfr-101/,0,6,0,8.5,0,3,0,40.666666666666664
https://labs.techadyant.com/research/drones-uas/company/carbon-based-uav-solutions-mfr-065/,0,6,0,4.833333333333334,,,,
https://labs.techadyant.com/research/drones-uas/company/q-alpha-aerospace-qalpha-mfr-105/,0,6,0,5.166666666666667,0,9,0,5.333333333333333
https://labs.techadyant.com/research/drones-uas/platform/bel-counter-uas-system-drn-0042/,0,6,0,5.5,0,2,0,4
https://labs.techadyant.com/research/drones-uas/platform/drdo-als-50-drn-0067/,0,6,0,8.166666666666668,0,22,0,9.636363636363637
https://labs.techadyant.com/research/drones-uas/platform/drdo-tapas-bh-rustom-ii-drn-0007/,0,6,0,6.833333333333333,0,8,0,29
https://labs.techadyant.com/research/drones-uas/platform/endureair-sabal-20-drn-0138/,0,6,0,10.666666666666666,0,9,0,17.11111111111111
https://labs.techadyant.com/research/drones-uas/platform/kalyani-bharat-forge-uav-structure-kit-drn-0063/,0,6,0,7.5,0,1,0,11
https://labs.techadyant.com/research/drones-uas/platform/techeagle-vertiplane-x-4-drn-0036/,0,6,0,4.166666666666666,,,,
https://labs.techadyant.com/research/entities/sixth-positive-indigenisation-list-405-defence-items/,0,6,0,7.833333333333333,0,2,0,9.5
https://labs.techadyant.com/research/military-aerospace/company/bel/,0,6,0,29,,,,
https://labs.techadyant.com/research/military-aerospace/company/hal/,0,6,0,13.666666666666666,0,87,0,51.264367816091955
https://labs.techadyant.com/research/pillars/defence/entity/ge-f414-india-manufacturing-pathway/,0,6,0,5.333333333333333,,,,
https://labs.techadyant.com/research/players/atands-india/,0,6,0,9.666666666666666,0,3,0,13.666666666666666
https://labs.techadyant.com/research/players/gujarat-state-electronics-mission/,0,6,0,8.5,0,17,0,6.411764705882353
https://labs.techadyant.com/research/players/ideaforge-technology-ltd/,0,6,0,4,0,5,0,76.8
https://labs.techadyant.com/research/players/sicsem-pvt-ltd/,0,6,0,18.5,0,6,0,34.166666666666664
https://labs.techadyant.com/research/space/company/dhruva-space/,0,6,0,40.166666666666664,0,6,0,39.166666666666664
https://labs.techadyant.com/research/space/company/digantara/,0,6,0,26.833333333333332,0,3,0,70
https://labs.techadyant.com/research/space/company/eon-space-labs/,0,6,0,13,0,2,0,37
https://labs.techadyant.com/research/space/company/kepler-aerospace/,0,6,0,14.166666666666666,0,5,0,17.2
https://labs.techadyant.com/research/space/company/piersight/,0,6,0,7.166666666666667,0,1,0,78
https://labs.techadyant.com/research/space/company/space-fields/,0,6,0,10.333333333333334,0,2,0,11.5
https://labs.techadyant.com/research/space/company/xdlinx-space/,0,6,0,16.666666666666664,0,6,0,16.333333333333336
https://labs.techadyant.com/research/suppliers/?category=Precision%20Machining,0,6,0,26.333333333333332,,,,
https://labs.techadyant.com/research/suppliers/state/tamil-nadu/,0,6,0,41.166666666666664,0,5,0,39
https://labs.techadyant.com/shape/,0,6,0,2.5,0,37,0,1.4054054054054055
https://labs.techadyant.com/signals/csir-nal-indigenous-micro-gas-turbine-engines-uav/,0,6,0,8,0,1,0,5
https://labs.techadyant.com/signals/idds-mark-ii-drdo-laser-counter-drone-army-iaf-2026/,0,6,0,8.166666666666668,,,,
https://labs.techadyant.com/signals/kaveri-dry-engine-48-5kn-thrust-ghatak-ucav-2026/,0,6,0,5.333333333333333,,,,
https://labs.techadyant.com/signals/semicon-2-0-1-lakh-crore-commitments-ecosystem-shift-2026/,0,6,0,8.666666666666668,,,,
https://labs.techadyant.com/corridors/chennai-bengaluru/tumakuru/,2,5,0.4,10.8,0,13,0,11.692307692307692
https://labs.techadyant.com/reports/india-industrial-water-opportunity-map/,1,5,0.2,3.2,0,2,0,28
https://labs.techadyant.com/research/,1,5,0.2,4.4,0,6,0,32.16666666666667
https://labs.techadyant.com/research/drones-uas/platform/hal-lakshya-2-pta-drn-0122/,1,5,0.2,6,0,2,0,7.5
https://labs.techadyant.com/corridors/amritsar-kolkata/jharkhand/,0,5,0,3.6,0,2,0,10
https://labs.techadyant.com/corridors/amritsar-kolkata/prayagraj/,0,5,0,8.2,0,18,0,6.222222222222222
https://labs.techadyant.com/dependencies/products/propellant-gases-pharma/,0,5,0,8,0,1,0,10
https://labs.techadyant.com/dependencies/products/silicon-metal/,0,5,0,8.2,0,5,0,36
https://labs.techadyant.com/engage/,0,5,0,3.2,0,1,0,1
https://labs.techadyant.com/newsletter/,0,5,0,7,0,4,0,8.25
https://labs.techadyant.com/reports/who-actually-captures-the-india-us-minerals-alliance/,0,5,0,86.2,0,33,0,81.75757575757575
https://labs.techadyant.com/research/counter-uas/manufacturer/bharat-electronics-limited-bel-mfg-001/,0,5,0,3.6,0,5,0,36.4
https://labs.techadyant.com/research/counter-uas/system/indrajaal-anti-drone-system-cus-005/,0,5,0,8,0,2,0,9.5
https://labs.techadyant.com/research/drones-uas/company/dhaksha-unmanned-systems-mfr-097/,0,5,0,35.6,0,3,0,51.666666666666664
https://labs.techadyant.com/research/drones-uas/company/drdo-aerial-delivery-research-development-establishm-mfr-008/,0,5,0,13.4,0,15,0,11.266666666666667
https://labs.techadyant.com/research/drones-uas/company/kawa-uav-hoverit-mfr-098/,0,5,0,10,0,8,0,18.625
https://labs.techadyant.com/research/drones-uas/company/newspace-research-technologies-mfr-023/,0,5,0,3.4,,,,
https://labs.techadyant.com/research/drones-uas/company/techeagle-ventures-mfr-028/,0,5,0,3,,,,
https://labs.techadyant.com/research/drones-uas/platform/asteria-a-200-apollo-drn-0033/,0,5,0,4,0,1,0,33
https://labs.techadyant.com/research/drones-uas/platform/drdo-ghatak-drn-0008/,0,5,0,10.4,0,5,0,19.8
https://labs.techadyant.com/research/drones-uas/platform/drdo-imperial-eagle-mk-iii-drn-0119/,0,5,0,5.8,,,,
https://labs.techadyant.com/research/drones-uas/platform/garuda-agri-drone-drn-0031/,0,5,0,2.8,0,2,0,34.5
https://labs.techadyant.com/research/drones-uas/platform/marut-ag-365-drn-0046/,0,5,0,3.4,0,2,0,13
https://labs.techadyant.com/research/entities/hindustan-copper-limited-hcl/,0,5,0,11.4,,,,
https://labs.techadyant.com/research/entities/iaf-autonomous-air-power/,0,5,0,9.8,0,1,0,6
https://labs.techadyant.com/research/entities/indian-army-orders-indrajaal-ranger-mobile-counter-drone-system/,0,5,0,9.6,0,22,0,19.227272727272727
https://labs.techadyant.com/research/entities/magnet-free-motors-rare-earth-value-chain/,0,5,0,10.4,0,4,0,9
https://labs.techadyant.com/research/entities/midwest-advanced-materials/,0,5,0,8,0,6,0,9.666666666666666
https://labs.techadyant.com/research/military-aerospace/company/ilyushin/,0,5,0,25,,,,
https://labs.techadyant.com/research/military-aerospace/dependency/c390-v2500-engine/,0,5,0,7.8,,,,
https://labs.techadyant.com/research/military-aerospace/dependency/composite-prepreg/,0,5,0,34.6,,,,
https://labs.techadyant.com/research/military-aerospace/platform/a400m/,0,5,0,5.4,,,,
https://labs.techadyant.com/research/pillars/defence/entity/cochin-shipyard-limited/,0,5,0,15.6,0,2,0,14
https://labs.techadyant.com/research/pillars/defence/entity/pinaka-multi-barrel-rocket-launcher/,0,5,0,51,0,2,0,39
https://labs.techadyant.com/research/pillars/defence/entity/uttam-aesa-radar/,0,5,0,7.4,2,4,0.5,12.75
https://labs.techadyant.com/research/players/c-dac-chipin-centre-bengaluru/,0,5,0,9.2,1,3,0.3333333333333333,27.666666666666668
https://labs.techadyant.com/research/players/chips-to-startup-c2s-programme/,0,5,0,7.8,0,10,0,24.2
https://labs.techadyant.com/research/players/cohizon-life-sciences-formerly-sajjan-india-ltd/,0,5,0,12,1,16,0.0625,28.5625
https://labs.techadyant.com/research/players/defence-research-and-development-organisation/,0,5,0,4.4,0,1,0,39
https://labs.techadyant.com/research/players/garuda-aerospace-pvt-ltd/,0,5,0,4.2,,,,
https://labs.techadyant.com/research/players/jsr-corporation/,0,5,0,8,,,,
https://labs.techadyant.com/research/players/microsoft-azure-india/,0,5,0,21.4,,,,
https://labs.techadyant.com/research/players/sap-se/,0,5,0,7.6,,,,
https://labs.techadyant.com/research/players/tekscend-photomask-former-toppan-photomasks/,0,5,0,13.2,0,1,0,63
https://labs.techadyant.com/research/space/company/larsen-toubro-space/,0,5,0,6.4,0,2,0,8
https://labs.techadyant.com/research/suppliers/state/punjab/,0,5,0,35.8,0,1,0,52
https://labs.techadyant.com/signals/drdo-missile-tot-scale-node-india-2026/,0,5,0,3.4,,,,
https://labs.techadyant.com/signals/high-purity-gases-chemicals-localisation-tata-inox-sumitomo-2026/,0,5,0,6,,,,
https://labs.techadyant.com/signals/high-purity-minerals-for-semiconductors/,0,5,0,5.8,,,,
https://labs.techadyant.com/signals/hypervault-tcs-1gw-ai-data-centre-campus-hyderabad-2026/,0,5,0,4.8,,,,
https://labs.techadyant.com/signals/india-glass-substrate-frontier-entry/,0,5,0,8.6,0,7,0,16.285714285714285
https://labs.techadyant.com/signals/indian-navy-issues-rfi-ship-launched-loitering-munition-1000km-range/,0,5,0,16,,,,
https://labs.techadyant.com/signals/msc-flags-off-first-import-rail-shipment-adani-icd-malur-bengaluru/,0,5,0,7.6,1,15,0.06666666666666667,7.2
https://labs.techadyant.com/signals/pm-semiconductor-roundtable-ecosystem-depth-2026/,0,5,0,4.6,,,,
https://labs.techadyant.com/signals/semicon-2-0-ecosystem-shift/,0,5,0,8.8,0,5,0,9
https://labs.techadyant.com/signals/semicon-india-2026-closes-five-commercial-units-cdil-suchi/,0,5,0,4,,,,
https://labs.techadyant.com/signals/vedanta-punnam-manganese-block-andhra-pradesh/,0,5,0,7,0,2,0,8
https://labs.techadyant.com/maps/auric-shendra-bidkin/,1,4,0.25,7.75,,,,
https://labs.techadyant.com/reports/iaf-autonomous-air-power/,1,4,0.25,6,,,,
https://labs.techadyant.com/research/drones-uas/company/bangalore-aeroverse-pvt-ltd-mfr-035/,1,4,0.25,9,1,2,0.5,28
https://labs.techadyant.com/research/drones-uas/platform/edall-engine-test-bench-drn-0066/,1,4,0.25,2.75,0,1,0,9
https://labs.techadyant.com/research/entities/irel-odisha-sand-complex-oscom-chhatrapur/,1,4,0.25,11,0,10,0,11.4
https://labs.techadyant.com/research/entities/who-builds-indias-drones/,1,4,0.25,8.25,,,,
https://labs.techadyant.com/research/players/lam-research-india-silicon-component-facility/,1,4,0.25,4,,,,
https://labs.techadyant.com/corridors/cbic-kochi-extension/,0,4,0,5.75,0,7,0,7.571428571428571
https://labs.techadyant.com/corridors/delhi-nagpur/delhi/,0,4,0,6,0,2,0,8
https://labs.techadyant.com/corridors/odisha-economic/pkds/,0,4,0,3.25,0,7,0,4
https://labs.techadyant.com/dependencies/products/electrolyte-lithium-salt/,0,4,0,10.5,0,1,0,11
https://labs.techadyant.com/dependencies/products/rhenium-superalloys-120/,0,4,0,8.25,0,2,0,6.5
https://labs.techadyant.com/dependencies/products/silicon-germanium-wafers-097/,0,4,0,5,,,,
https://labs.techadyant.com/reports/india-cargo-drone-market/,0,4,0,16.5,0,4,0,9.5
https://labs.techadyant.com/reports/theme/critical-minerals-and-strategic-materials,0,4,0,81.75,,,,
https://labs.techadyant.com/reports/theme/semiconductor-ecosystems/,0,4,0,17,0,1,0,84
https://labs.techadyant.com/research/counter-uas/system/blue-halo-locust-laser-cus-053/,0,4,0,5.25,0,4,0,33
https://labs.techadyant.com/research/counter-uas/system/drona-counter-drone-smart-city-cus-020/,0,4,0,7.25,,,,
https://labs.techadyant.com/research/counter-uas/system/garuda-anti-drone-system-cus-007/,0,4,0,6.25,0,2,0,10
https://labs.techadyant.com/research/counter-uas/system/northrop-grumman-centurion-c-ram-variant-cus-038/,0,4,0,5.5,0,1,0,5
https://labs.techadyant.com/research/drones-uas/company/aero360-mfr-027/,0,4,0,3,,,,
https://labs.techadyant.com/research/drones-uas/company/airbound-mfr-096/,0,4,0,7,0,1,0,8
https://labs.techadyant.com/research/drones-uas/company/botlab-dynamics-mfr-100/,0,4,0,9.5,1,5,0.2,26.4
https://labs.techadyant.com/research/drones-uas/company/droneacharya-aerial-innovations-mfr-038/,0,4,0,3,0,1,0,71
https://labs.techadyant.com/research/drones-uas/company/ig-defence-mfr-099/,0,4,0,17.25,,,,
https://labs.techadyant.com/research/drones-uas/company/marut-drones-mfr-039/,0,4,0,5,,,,
https://labs.techadyant.com/research/drones-uas/company/nibe-ltd-mfr-092/,0,4,0,3.25,0,2,0,70
https://labs.techadyant.com/research/drones-uas/company/pixoastro-technologies-mfr-046/,0,4,0,2.5,,,,
https://labs.techadyant.com/research/drones-uas/company/skylark-drones-mfr-026/,0,4,0,8.5,0,1,0,89
https://labs.techadyant.com/research/drones-uas/platform/apollyon-ahuti-drn-0135/,0,4,0,7.75,0,3,0,24.666666666666668
https://labs.techadyant.com/research/drones-uas/platform/bharat-dynamics-bdlm-01-drn-0101/,0,4,0,4.25,0,2,0,6
https://labs.techadyant.com/research/drones-uas/platform/drdo-cats-warrior-drn-0082/,0,4,0,8.5,0,3,0,14.333333333333334
https://labs.techadyant.com/research/drones-uas/platform/drdo-sling-mk-ii-drn-0120/,0,4,0,2.25,,,,
https://labs.techadyant.com/research/drones-uas/platform/elbit-hermes-900-drn-0005/,0,4,0,6.5,,,,
https://labs.techadyant.com/research/drones-uas/platform/endureair-vahak-6-drn-0137/,0,4,0,5.5,3,39,0.07692307692307693,6.128205128205129
https://labs.techadyant.com/research/drones-uas/platform/garuda-avi-drone-drn-0096/,0,4,0,4.75,,,,
https://labs.techadyant.com/research/drones-uas/platform/iai-heron-drn-0001/,0,4,0,9.25,,,,
https://labs.techadyant.com/research/drones-uas/platform/skye-air-skyship-2-drn-0107/,0,4,0,4.25,,,,
https://labs.techadyant.com/research/e/mine/kawalapur-rare-earth-elements-block-0f0145/,0,4,0,10,0,5,0,8.8
https://labs.techadyant.com/research/e/technology/counter-uas-anti-drone-systems-07ff95/,0,4,0,94.25,0,1,0,84
https://labs.techadyant.com/research/e/technology/indiaai-compute-portal-bb284d/,0,4,0,15.25,0,1,0,56
https://labs.techadyant.com/research/entities/aheesa-first-pass-silicon-vihaan-networking-soc/,0,4,0,3.75,0,2,0,21.5
https://labs.techadyant.com/research/entities/applied-materials-5-billion-india-vision-2035-equipment-layer/,0,4,0,5.75,,,,
https://labs.techadyant.com/research/entities/dysprosium-terbium/,0,4,0,9.25,,,,
https://labs.techadyant.com/research/entities/india-loitering-munitions-market/,0,4,0,41,0,4,0,38.75
https://labs.techadyant.com/research/entities/india-new-zealand-fta-enters-force-october-2026/,0,4,0,2.25,,,,
https://labs.techadyant.com/research/entities/lohum-zimbabwe-lithium-first-overseas-ore-shipment-india/,0,4,0,12.5,,,,
https://labs.techadyant.com/research/entities/semicon-india-2026-closes-five-commercial-units-cdil-suchi/,0,4,0,4.25,,,,
https://labs.techadyant.com/research/entities/single-crystal-turbine-blade/,0,4,0,17.75,0,5,0,20
https://labs.techadyant.com/research/military-aerospace/company/elbit/,0,4,0,28.25,,,,
https://labs.techadyant.com/research/military-aerospace/company/embraer/,0,4,0,5,,,,
https://labs.techadyant.com/research/military-aerospace/company/lockheed/,0,4,0,35.75,,,,
https://labs.techadyant.com/research/military-aerospace/company/pwc/,0,4,0,8,,,,
https://labs.techadyant.com/research/military-aerospace/dependency/c295-ins/,0,4,0,11,,,,
https://labs.techadyant.com/research/military-aerospace/dependency/c295-pw127g-engine/,0,4,0,5.25,,,,
https://labs.techadyant.com/research/military-aerospace/platform/ah64/,0,4,0,5.5,,,,
https://labs.techadyant.com/research/pillars/defence/air-force/,0,4,0,6.25,,,,
https://labs.techadyant.com/research/pillars/defence/army/,0,4,0,6,0,1,0,6
https://labs.techadyant.com/research/pillars/defence/entity/cbrn-recce-vehicles/,0,4,0,16,,,,
https://labs.techadyant.com/research/players/aerial-delivery-research-and-development-establishment-adrde-drdo/,0,4,0,8.5,0,22,0,11.272727272727273
https://labs.techadyant.com/research/players/asm-technologies-semiconductor-division/,0,4,0,13.5,0,10,0,34
https://labs.techadyant.com/research/players/atands-india-nanjangud-plant/,0,4,0,10.5,0,8,0,10.375
https://labs.techadyant.com/research/players/battrixx-kabra-extrusiontechnik/,0,4,0,9.5,,,,
https://labs.techadyant.com/research/players/bharat-dynamics-limited/,0,4,0,4,,,,
https://labs.techadyant.com/research/players/cg-semi-pvt-ltd-cg-power-renesas-jv/,0,4,0,8.25,0,5,0,26.6
https://labs.techadyant.com/research/players/cochin-shipyard-limited/,0,4,0,42.25,,,,
https://labs.techadyant.com/research/players/foxconn-india/,0,4,0,36.5,0,21,0,56.76190476190476
https://labs.techadyant.com/research/players/frappe-technologies-erpnext/,0,4,0,9.75,0,6,0,26.333333333333332
https://labs.techadyant.com/research/players/hamamatsu-photonics/,0,4,0,10.25,,,,
https://labs.techadyant.com/research/players/india-cellular-and-electronics-association-icea/,0,4,0,8.75,0,7,0,19.857142857142858
https://labs.techadyant.com/research/players/india-chip-hcl-foxconn-jv/,0,4,0,10.25,,,,
https://labs.techadyant.com/research/players/linde-india-limited/,0,4,0,8.75,0,10,0,21.8
https://labs.techadyant.com/research/players/midwest-advanced-materials-mam/,0,4,0,10.5,1,17,0.058823529411764705,9.647058823529411
https://labs.techadyant.com/research/players/northrop-grumman/,0,4,0,10.75,0,2,0,45.5
https://labs.techadyant.com/research/players/sankalp-semiconductor/,0,4,0,25.5,0,99,0,27.575757575757574
https://labs.techadyant.com/research/players/toyotsu-rare-earths-india-private-limited/,0,4,0,10.75,0,2,0,11.5
https://labs.techadyant.com/research/space/company/azista-bst/,0,4,0,51.75,,,,
https://labs.techadyant.com/research/space/company/mtar-technologies/,0,4,0,8,,,,
https://labs.techadyant.com/research/space/company/satsure/,0,4,0,54.75,0,2,0,62.5
https://labs.techadyant.com/research/space/platform/pslv/,0,4,0,25.75,0,2,0,12
https://labs.techadyant.com/research/suppliers/?state=Delhi,0,4,0,6,,,,
https://labs.techadyant.com/research/suppliers/state/gujarat/,0,4,0,7.75,0,1,0,11
https://labs.techadyant.com/resources/,0,4,0,2.75,0,3,0,4.333333333333334
https://labs.techadyant.com/signals/aheesa-first-pass-silicon-vihaan-networking-soc/,0,4,0,9,0,17,0,7.352941176470588
https://labs.techadyant.com/signals/container-sovereignty-trade-infrastructure/,0,4,0,6,,,,
https://labs.techadyant.com/signals/gujarat-chipin-extension-centre-vlsi-design-coe/,0,4,0,7.5,0,24,0,6.5
https://labs.techadyant.com/signals/indian-railways-hydrogen-heritage-35-trains-green-hydrogen-cost/,0,4,0,8,,,,
https://labs.techadyant.com/signals/izi-demonstrates-vana-tethered-drone-indian-army-5000-unit-procurement/,0,4,0,5,1,4,0.25,6.25
https://labs.techadyant.com/signals/lohum-zimbabwe-lithium-first-overseas-ore-shipment-india/,0,4,0,6,,,,
https://labs.techadyant.com/signals/lt-semiconductor-technologies-osat-shift-india/,0,4,0,5.75,2,16,0.125,5.9375
https://labs.techadyant.com/signals/mineral-security-to-processing-thesis/,0,4,0,4.25,0,1,0,59
https://labs.techadyant.com/signals/saatvik-green-energy-1042-crore-seci-solar-modules-2026/,0,4,0,7,,,,
https://labs.techadyant.com/corridors/new-imcs/,1,3,0.3333333333333333,7,0,10,0,7.8
https://labs.techadyant.com/corridors/vizag-chennai/visakhapatnam,1,3,0.3333333333333333,5.333333333333333,0,6,0,7.166666666666667
https://labs.techadyant.com/dependencies/products/night-vision-image-intensifier/,1,3,0.3333333333333333,16.666666666666664,0,1,0,1
https://labs.techadyant.com/research/players/aadhaar-tech-solutions/,1,3,0.3333333333333333,2.666666666666667,,,,
https://labs.techadyant.com/corridors/cbic-kochi-extension,0,3,0,7.333333333333333,0,14,0,6.571428571428571
https://labs.techadyant.com/dependencies/products/battery-separator-film/,0,3,0,5.666666666666667,0,1,0,3
https://labs.techadyant.com/dependencies/products/image-sensors-cmos/,0,3,0,7.666666666666667,0,1,0,9
https://labs.techadyant.com/dependencies/products/leadframe-packages/,0,3,0,7.666666666666667,0,1,0,2
https://labs.techadyant.com/dependencies/products/mlcc-capacitors/,0,3,0,40.666666666666664,0,3,0,71
https://labs.techadyant.com/dependencies/products/silicon-carbide-wafers/,0,3,0,4,,,,
https://labs.techadyant.com/dependencies/states/maharashtra/,0,3,0,23.666666666666668,0,6,0,58.833333333333336
https://labs.techadyant.com/methodology/,0,3,0,1.3333333333333333,0,2,0,7.5
https://labs.techadyant.com/newsletter/sanket-june-2026/,0,3,0,2,0,2,0,9
https://labs.techadyant.com/reports/beyond-sea-drones-india-autonomous-maritime-systems/,0,3,0,90.33333333333333,0,4,0,81.25
https://labs.techadyant.com/reports/india-drone-propulsion-opportunity/,0,3,0,7.666666666666667,0,3,0,9
https://labs.techadyant.com/reports/india-fab-ecosystem/,0,3,0,30,0,18,0,78.88888888888889
https://labs.techadyant.com/reports/indian-navy-autonomous-maritime/executive-summary/,0,3,0,8.333333333333332,,,,
https://labs.techadyant.com/reports/indias-unmanned-warfare-transformation/,0,3,0,26.666666666666668,0,6,0,75.83333333333333
https://labs.techadyant.com/reports/theme/solar-and-clean-energy-manufacturing/,0,3,0,6.333333333333333,,,,
https://labs.techadyant.com/research/corridors/ai-infrastructure/,0,3,0,31.333333333333332,0,5,0,78.2
https://labs.techadyant.com/research/counter-uas/manufacturer/defence-research-and-development-organisation-drdo-mfg-002/,0,3,0,8,,,,
https://labs.techadyant.com/research/counter-uas/manufacturer/grene-robotics-mfg-007/,0,3,0,6,,,,
https://labs.techadyant.com/research/counter-uas/manufacturer/knds-france-mfg-042/,0,3,0,2.666666666666667,,,,
https://labs.techadyant.com/research/counter-uas/manufacturer/northrop-grumman-mfg-031/,0,3,0,5,,,,
https://labs.techadyant.com/research/counter-uas/manufacturer/paras-defence-and-space-technologies-mfg-004/,0,3,0,5.666666666666667,0,3,0,37
https://labs.techadyant.com/research/counter-uas/system/astra-counter-drone-system-cus-011/,0,3,0,3,0,4,0,71.25
https://labs.techadyant.com/research/counter-uas/system/cerberus-gl6-cuas-capable-cus-047/,0,3,0,4.666666666666666,0,1,0,10
https://labs.techadyant.com/research/counter-uas/system/fortem-skydome-system-cus-033/,0,3,0,4,,,,
https://labs.techadyant.com/research/counter-uas/system/knds-france-rapidfire-naval-cuas-cus-054/,0,3,0,4,0,1,0,9
https://labs.techadyant.com/research/counter-uas/system/rheinmetall-oerlikon-skynex-cus-031/,0,3,0,6,0,1,0,68
https://labs.techadyant.com/research/counter-uas/system/sagar-manthan-anti-drone-system-cus-017/,0,3,0,3.6666666666666665,0,3,0,6.666666666666667
https://labs.techadyant.com/research/counter-uas/system/trishul-anti-drone-system-cus-013/,0,3,0,3.3333333333333335,,,,
https://labs.techadyant.com/research/drones-uas/company/aebird-aerospace-mfr-036/,0,3,0,2.666666666666667,0,1,0,6
https://labs.techadyant.com/research/drones-uas/company/aerochief-aerospace-mfr-045/,0,3,0,3,,,,
https://labs.techadyant.com/research/drones-uas/company/aerovironment-inc-mfr-004/,0,3,0,5.333333333333333,0,2,0,54
https://labs.techadyant.com/research/drones-uas/company/asteria-aerospace-ltd-mfr-016/,0,3,0,4.666666666666666,,,,
https://labs.techadyant.com/research/drones-uas/company/avighna-aerospace-mfr-042/,0,3,0,5,,,,
https://labs.techadyant.com/research/drones-uas/company/bonv-aero-mfr-041/,0,3,0,6.666666666666667,,,,
https://labs.techadyant.com/research/drones-uas/company/ig-drones-mfr-037/,0,3,0,2.333333333333333,,,,
https://labs.techadyant.com/research/drones-uas/company/raphe-mphibr-logistics-mfr-089/,0,3,0,6.666666666666667,0,1,0,4
https://labs.techadyant.com/research/drones-uas/company/raphe-mphibr-mfr-049/,0,3,0,3.6666666666666665,0,1,0,2
https://labs.techadyant.com/research/drones-uas/company/skye-air-mobility-mfr-029/,0,3,0,3.3333333333333335,,,,
https://labs.techadyant.com/research/drones-uas/company/solar-industries-india-ltd-mfr-021/,0,3,0,5.333333333333333,,,,
https://labs.techadyant.com/research/drones-uas/company/tata-advanced-systems-ltd-tasl-mfr-011/,0,3,0,35,0,7,0,50.42857142857143
https://labs.techadyant.com/research/drones-uas/platform/adani-akshi-7-drn-0143/,0,3,0,2.666666666666667,0,2,0,3
https://labs.techadyant.com/research/drones-uas/platform/aebird-skywatch-drn-0115/,0,3,0,3.6666666666666665,0,1,0,3
https://labs.techadyant.com/research/drones-uas/platform/aero360-industrial-uav-drn-0047/,0,3,0,1.6666666666666665,,,,
https://labs.techadyant.com/research/drones-uas/platform/aerochief-skyhawk-drn-0091/,0,3,0,3.3333333333333335,0,2,0,10
https://labs.techadyant.com/research/drones-uas/platform/airbound-trt-drn-0139/,0,3,0,8.333333333333332,0,2,0,11
https://labs.techadyant.com/research/drones-uas/platform/baykar-bayraktar-tb2-drn-0069/,0,3,0,9,0,2,0,37
https://labs.techadyant.com/research/drones-uas/platform/drdo-imperial-eagle-drn-0026/,0,3,0,5.333333333333333,0,10,0,13.5
https://labs.techadyant.com/research/drones-uas/platform/drdo-imperial-eagle-mk-ii-drn-0118/,0,3,0,4.333333333333334,0,15,0,8.8
https://labs.techadyant.com/research/drones-uas/platform/drdo-nishant-drn-0011/,0,3,0,5.333333333333333,0,9,0,20.666666666666668
https://labs.techadyant.com/research/drones-uas/platform/drdo-swift-drn-0009/,0,3,0,3.3333333333333335,0,3,0,10
https://labs.techadyant.com/research/drones-uas/platform/drdo-ulka-drn-0061/,0,3,0,7,0,19,0,6.631578947368421
https://labs.techadyant.com/research/drones-uas/platform/garuda-drona-1-drn-0029/,0,3,0,1.6666666666666665,0,4,0,13.5
https://labs.techadyant.com/research/drones-uas/platform/hal-lakshya-mk-ii-drn-0121/,0,3,0,7.666666666666667,0,2,0,77
https://labs.techadyant.com/research/drones-uas/platform/iai-rotem-l-drn-0104/,0,3,0,4.333333333333334,0,5,0,7.8
https://labs.techadyant.com/research/drones-uas/platform/ig-defence-kal-drn-0134/,0,3,0,4.666666666666666,0,1,0,56
https://labs.techadyant.com/research/drones-uas/platform/wb-group-warmate-drn-0018/,0,3,0,7.333333333333333,0,3,0,8
https://labs.techadyant.com/research/e/standard/rbi-storage-of-payment-system-data-directive-2018-fbb7f8/,0,3,0,8.333333333333332,0,4,0,46
https://labs.techadyant.com/research/entities/bel-600-crore-chitrakoot-defence-unit/,0,3,0,19.666666666666668,1,32,0.03125,22.59375
https://labs.techadyant.com/research/entities/csir-nal-indigenous-micro-gas-turbine-engines-uav/,0,3,0,7,0,2,0,9
https://labs.techadyant.com/research/entities/drdo-zero-mk-20mk-dilution-refrigerator-tdf-2026/,0,3,0,3,,,,
https://labs.techadyant.com/research/entities/drone-electronics-and-propulsion-supply-chain/,0,3,0,4.333333333333334,,,,
https://labs.techadyant.com/research/entities/hamamatsu-photonics/,0,3,0,9,,,,
https://labs.techadyant.com/research/entities/india-drone-propulsion-opportunity/,0,3,0,4,,,,
https://labs.techadyant.com/research/entities/india-semiconductor-1-4-billion-equity-funding-semicon-india-2026/,0,3,0,11,,,,
https://labs.techadyant.com/research/entities/india-sensor-economy/,0,3,0,6.333333333333333,,,,
https://labs.techadyant.com/research/entities/indian-navy-issues-rfi-ship-launched-loitering-munition-1000km-range/,0,3,0,84.66666666666667,,,,
https://labs.techadyant.com/research/entities/indian-railways-hydrogen-heritage-35-trains-green-hydrogen-cost/,0,3,0,10.333333333333334,0,2,0,6
https://labs.techadyant.com/research/entities/industrial-ai-in-indian-manufacturing/,0,3,0,10.666666666666666,0,77,0,64.84415584415584
https://labs.techadyant.com/research/entities/msc-flags-off-first-import-rail-shipment-adani-icd-malur-bengaluru/,0,3,0,8.333333333333332,0,6,0,6.666666666666667
https://labs.techadyant.com/research/entities/rare-earth-magnets-motors-chokepoint/,0,3,0,9,0,1,0,7
https://labs.techadyant.com/research/entities/semicon-2-0-opportunity-map/,0,3,0,6.333333333333333,0,1,0,6
https://labs.techadyant.com/research/entities/semicon-2-0-roadmap-7nm-3nm-100000-design-engineers/,0,3,0,7.666666666666667,0,5,0,7.2
https://labs.techadyant.com/research/military-aerospace/company/maini-precision/,0,3,0,6.333333333333333,0,4,0,4
https://labs.techadyant.com/research/military-aerospace/platform/htt40/,0,3,0,5.333333333333333,,,,
https://labs.techadyant.com/research/pillars/defence/entity/defence-research-and-development-organisation/,0,3,0,18,0,7,0,22.714285714285715
https://labs.techadyant.com/research/pillars/defence/entity/goa-shipyard-limited/,0,3,0,10.333333333333334,,,,
https://labs.techadyant.com/research/pillars/defence/entity/lca-tejas-mk2/,0,3,0,7.666666666666667,,,,
https://labs.techadyant.com/research/pillars/defence/entity/project-17a-nilgiri-class-stealth-frigate/,0,3,0,39.333333333333336,0,4,0,53
https://labs.techadyant.com/research/pillars/defence/navy-coast-guard/,0,3,0,3,,,,
https://labs.techadyant.com/research/players/advanced-system-in-package-technologies-pvt-ltd-asip/,0,3,0,9.333333333333334,0,9,0,22
https://labs.techadyant.com/research/players/aebird-aerospace/,0,3,0,3.6666666666666665,,,,
https://labs.techadyant.com/research/players/aerochief-aerospace/,0,3,0,3,,,,
https://labs.techadyant.com/research/players/bharat-forge-limited-kalyani-strategic-systems/,0,3,0,4.666666666666666,,,,
https://labs.techadyant.com/research/players/china/,0,3,0,7,0,7,0,20.857142857142858
https://labs.techadyant.com/research/players/container-corporation-of-india-ltd-concor/,0,3,0,7.666666666666667,0,1,0,85
https://labs.techadyant.com/research/players/continental-device-india-pvt-ltd-cdil/,0,3,0,10.666666666666666,1,20,0.05,31.9
https://labs.techadyant.com/research/players/dhl-global-forwarding-india/,0,3,0,9.333333333333334,0,9,0,17.666666666666668
https://labs.techadyant.com/research/players/electronics-and-radar-development-establishment/,0,3,0,10.666666666666666,0,3,0,12.666666666666666
https://labs.techadyant.com/research/players/exide-energy-solutions-gigafactory-bengaluru/,0,3,0,9,0,7,0,5.714285714285714
https://labs.techadyant.com/research/players/google-health-india-deepmind-google-research/,0,3,0,10.333333333333334,,,,
https://labs.techadyant.com/research/players/grene-robotics/,0,3,0,8,0,3,0,48.666666666666664
https://labs.techadyant.com/research/players/india/,0,3,0,1,0,22,0,1.3636363636363638
https://labs.techadyant.com/research/players/irel-odisha-sand-complex-oscom-chhatrapur/,0,3,0,8.666666666666668,0,38,0,8.842105263157894
https://labs.techadyant.com/research/players/israel-aerospace-industries/,0,3,0,4.666666666666666,,,,
https://labs.techadyant.com/research/players/jio-jamnagar-data-centre/,0,3,0,20.333333333333332,,,,
https://labs.techadyant.com/research/players/larsen-and-toubro-landt-defence/,0,3,0,20,0,5,0,32.6
https://labs.techadyant.com/research/players/meghraj-gi-cloud/,0,3,0,9,0,12,0,44.75
https://labs.techadyant.com/research/players/micron-atmp-sanand/,0,3,0,10.666666666666666,,,,
https://labs.techadyant.com/research/players/mtar-technologies/,0,3,0,9,,,,
https://labs.techadyant.com/research/players/powerchip-semiconductor-manufacturing-corporation/,0,3,0,8,,,,
https://labs.techadyant.com/research/players/rare-earth-separation-and-refining-solvent-extraction/,0,3,0,10.666666666666666,,,,
https://labs.techadyant.com/research/players/research-centre-imarat/,0,3,0,19.666666666666668,,,,
https://labs.techadyant.com/research/players/robin-radar-systems/,0,3,0,6.333333333333333,0,2,0,69.5
https://labs.techadyant.com/research/players/schiebel-elektronische-ger-te-gmbh/,0,3,0,22.666666666666668,,,,
https://labs.techadyant.com/research/players/thermax-limited/,0,3,0,2,0,2,0,28
https://labs.techadyant.com/research/players/unimicron-technology/,0,3,0,8,0,11,0,15.545454545454545
https://labs.techadyant.com/research/players/vehicle-research-and-development-establishment-vrde-drdo/,0,3,0,9.666666666666666,0,27,0,10.518518518518519
https://labs.techadyant.com/research/players/vyoma-ai-data-centre-landt/,0,3,0,30.333333333333332,,,,
https://labs.techadyant.com/research/players/yotta-data-services/,0,3,0,5.333333333333333,0,7,0,60.714285714285715
https://labs.techadyant.com/research/sources/,0,3,0,8.666666666666668,0,3,0,7
https://labs.techadyant.com/research/space/company/ananth-technologies/,0,3,0,9,0,3,0,58.333333333333336
https://labs.techadyant.com/research/space/company/bellatrix-aerospace/,0,3,0,6.333333333333333,0,4,0,72.25
https://labs.techadyant.com/research/space/company/hal-space/,0,3,0,30.666666666666668,0,2,0,23
https://labs.techadyant.com/research/space/company/orbitaid-aerospace/,0,3,0,11,0,1,0,69
https://labs.techadyant.com/research/space/company/pixxel/,0,3,0,65,0,12,0,60.25
https://labs.techadyant.com/research/space/company/rocket-lab/,0,3,0,5.666666666666667,0,3,0,64.66666666666666
https://labs.techadyant.com/research/space/company/walchandnagar/,0,3,0,8.333333333333332,0,1,0,56
https://labs.techadyant.com/research/space/platform/gslv-mk2/,0,3,0,37,0,1,0,53
https://labs.techadyant.com/research/space/platform/scot-digantara/,0,3,0,10,,,,
https://labs.techadyant.com/research/suppliers/state/maharashtra/,0,3,0,11.333333333333334,0,1,0,9
https://labs.techadyant.com/signals/divyastra-mk3-india-first-indigenous-jet-powered-loitering-munition/,0,3,0,17,0,12,0,37.916666666666664
https://labs.techadyant.com/signals/india-joins-france-fcas-sixth-generation-fighter-programme/,0,3,0,6.333333333333333,0,22,0,70.9090909090909
https://labs.techadyant.com/signals/indian-army-orders-840-one-way-attack-drones-tata-nibe/,0,3,0,8.333333333333332,0,1,0,9
https://labs.techadyant.com/signals/mazagon-dock-dighi-raigad-27000-crore-shipbuilding-cluster-2026/,0,3,0,7.666666666666667,,,,
https://labs.techadyant.com/dependencies/products/optical-fibre-preform/,1,2,0.5,8,0,4,0,8.5
https://labs.techadyant.com/reports/india-aerospace-supply-chain-missing-links/,1,2,0.5,5,,,,
https://labs.techadyant.com/research/drones-uas/platform/the-eplane-company-e200-drn-0038/,1,2,0.5,2.5,0,1,0,10
https://labs.techadyant.com/research/entities/the-sme-playbook-for-indias-drone-economy/,1,2,0.5,3,0,1,0,8
https://labs.techadyant.com/research/players/srf-limited-specialty-chemicals/,1,2,0.5,4,0,1,0,55
https://labs.techadyant.com/briefings/mature-nodes-are-not-a-consolation-prize/,0,2,0,10,,,,
https://labs.techadyant.com/corridors/delhi-nagpur/nagpur/,0,2,0,8,,,,
https://labs.techadyant.com/corridors/vizag-chennai/chittoor,0,2,0,9,0,4,0,7.25
https://labs.techadyant.com/dependencies/products/asml-lithography-scanners/,0,2,0,18,0,5,0,54.4
https://labs.techadyant.com/dependencies/products/bauxite-metallurgical-132/,0,2,0,64.5,,,,
https://labs.techadyant.com/dependencies/products/endoscope-flexible-video/,0,2,0,4,,,,
https://labs.techadyant.com/dependencies/products/epoxy-resins-electronic-grade-034/,0,2,0,8.5,,,,
https://labs.techadyant.com/dependencies/products/high-purity-isopropyl-alcohol/,0,2,0,6.5,0,3,0,5.666666666666667
https://labs.techadyant.com/dependencies/products/missile-seeker-ir/,0,2,0,11,0,1,0,1
https://labs.techadyant.com/dependencies/products/neodymium-praseodymium-oxide/,0,2,0,10.5,0,3,0,5
https://labs.techadyant.com/dependencies/products/penicillin-g-api-011/,0,2,0,6,,,,
https://labs.techadyant.com/dependencies/products/silicon-wafers-300mm/,0,2,0,11,0,1,0,52
https://labs.techadyant.com/dependencies/products/specialty-gases-semicon/,0,2,0,10,0,1,0,33
https://labs.techadyant.com/dependencies/products/tire-cord-pet-nylon/,0,2,0,7,,,,
https://labs.techadyant.com/reports/beyond-sea-drones-india-autonomous-maritime-systems/executive-summary/,0,2,0,5,0,1,0,85
https://labs.techadyant.com/reports/drone-electronics-flight-controllers/,0,2,0,6.5,0,6,0,31.666666666666668
https://labs.techadyant.com/reports/iaf-autonomous-air-power/executive-summary/,0,2,0,4.5,,,,
https://labs.techadyant.com/reports/india-battlefield-automation-gap/,0,2,0,4,0,1,0,8
https://labs.techadyant.com/reports/india-critical-manufacturing-dependencies/,0,2,0,8,0,2,0,7
https://labs.techadyant.com/reports/india-lunar-economy/,0,2,0,4,,,,
https://labs.techadyant.com/reports/indias-drone-battery-ecosystem/,0,2,0,5.5,0,2,0,4
https://labs.techadyant.com/reports/the-sme-playbook-for-indias-drone-economy/,0,2,0,8,0,1,0,96
https://labs.techadyant.com/research/counter-uas/manufacturer/adani-defence-and-aerospace-mfg-005/,0,2,0,3.5,0,2,0,9
https://labs.techadyant.com/research/counter-uas/manufacturer/astra-microwave-products-mfg-011/,0,2,0,3,0,1,0,6
https://labs.techadyant.com/research/counter-uas/manufacturer/elbit-systems-mfg-032/,0,2,0,7.5,,,,
https://labs.techadyant.com/research/counter-uas/manufacturer/fortem-technologies-mfg-022/,0,2,0,6,0,3,0,43.333333333333336
https://labs.techadyant.com/research/counter-uas/manufacturer/garuda-aerospace-mfg-008/,0,2,0,3,0,1,0,20
https://labs.techadyant.com/research/counter-uas/manufacturer/hensoldt-mfg-028/,0,2,0,7.5,0,3,0,67.33333333333333
https://labs.techadyant.com/research/counter-uas/manufacturer/robin-radar-systems-mfg-038/,0,2,0,6.5,0,3,0,48.666666666666664
https://labs.techadyant.com/research/counter-uas/system/anti-drone-system-x-mk3-cus-006/,0,2,0,2,0,7,0,69.71428571428571
https://labs.techadyant.com/research/counter-uas/system/c-dac-anti-drone-system-cus-010/,0,2,0,2,,,,
https://labs.techadyant.com/research/counter-uas/system/cuas-net-launcher-portable-cus-019/,0,2,0,2,,,,
https://labs.techadyant.com/research/counter-uas/system/defence-anti-drone-system-dads-cus-008/,0,2,0,2,,,,
https://labs.techadyant.com/research/counter-uas/system/epirus-leonidas-pod-hpm-cus-052/,0,2,0,2,,,,
https://labs.techadyant.com/research/counter-uas/system/hal-integrated-cuas-airborne-cus-059/,0,2,0,2,0,1,0,3
https://labs.techadyant.com/research/counter-uas/system/iai-elm-2182-drone-detection-radar-cus-028/,0,2,0,2,,,,
https://labs.techadyant.com/research/counter-uas/system/insas-counter-drone-naval-cus-016/,0,2,0,2,0,2,0,3.5
https://labs.techadyant.com/research/counter-uas/system/integrated-counter-drone-system-cus-001/,0,2,0,17,0,5,0,74.8
https://labs.techadyant.com/research/counter-uas/system/kalyani-group-bharat-cuas-cus-058/,0,2,0,2,,,,
https://labs.techadyant.com/research/counter-uas/system/kriti-counter-drone-system-cus-014/,0,2,0,2,0,3,0,30.666666666666668
https://labs.techadyant.com/research/counter-uas/system/lockheed-martin-athena-cus-037/,0,2,0,7.5,,,,
https://labs.techadyant.com/research/counter-uas/system/rafael-c-dome-naval-cus-025/,0,2,0,3.5,,,,
https://labs.techadyant.com/research/counter-uas/system/raytheon-rtx-coyote-block-2-cus-035/,0,2,0,5.5,,,,
https://labs.techadyant.com/research/counter-uas/system/saab-giraffe-amb-cuas-variant-cus-043/,0,2,0,2,,,,
https://labs.techadyant.com/research/counter-uas/system/sapphire-counter-drone-dutch-origin-cus-048/,0,2,0,6.5,,,,
https://labs.techadyant.com/research/counter-uas/system/thales-ground-master-60-cuas-variant-cus-030/,0,2,0,2,,,,
https://labs.techadyant.com/research/counter-uas/system/zen-anti-drone-system-zads-cus-003/,0,2,0,10,0,5,0,9.8
https://labs.techadyant.com/research/drones-uas/company/aadhaar-tech-solutions-mfr-086/,0,2,0,1,,,,
https://labs.techadyant.com/research/drones-uas/company/anduril-industries-mfr-108/,0,2,0,82,0,6,0,67.33333333333333
https://labs.techadyant.com/research/drones-uas/company/bharat-dynamics-limited-bdl-mfr-012/,0,2,0,3,0,2,0,43.5
https://labs.techadyant.com/research/drones-uas/company/bharat-electronics-limited-bel-mfr-010/,0,2,0,2.5,0,4,0,52
https://labs.techadyant.com/research/drones-uas/company/bharat-heavy-electricals-ltd-bhel-mfr-044/,0,2,0,3,,,,
https://labs.techadyant.com/research/drones-uas/company/curphy-aero-systems-mfr-043/,0,2,0,3,,,,
https://labs.techadyant.com/research/drones-uas/company/endureair-systems-mfr-095/,0,2,0,7,0,3,0,9
https://labs.techadyant.com/research/drones-uas/company/general-atomics-aeronautical-systems-ga-asi-mfr-002/,0,2,0,6,0,2,0,10.5
https://labs.techadyant.com/research/drones-uas/company/israel-aerospace-industries-iai-mfr-001/,0,2,0,4.5,0,1,0,6
https://labs.techadyant.com/research/drones-uas/company/l3harris-wescam-mfr-068/,0,2,0,8,0,5,0,13.4
https://labs.techadyant.com/research/drones-uas/company/raytheon-mfr-071/,0,2,0,11,0,1,0,84
https://labs.techadyant.com/research/drones-uas/company/schiebel-elektronische-ger-te-gmbh-mfr-005/,0,2,0,4,0,2,0,51
https://labs.techadyant.com/research/drones-uas/company/skydio-mfr-106/,0,2,0,18,0,4,0,63
https://labs.techadyant.com/research/drones-uas/platform/aarav-inspecto-x-drn-0057/,0,2,0,1.5,0,1,0,2
https://labs.techadyant.com/research/drones-uas/platform/aero360-skyinspect-drn-0114/,0,2,0,6,,,,
https://labs.techadyant.com/research/drones-uas/platform/aerovironment-wasp-ae-drn-0039/,0,2,0,3,0,5,0,19.6
https://labs.techadyant.com/research/drones-uas/platform/arcanumspace-arc-odin-drn-0145/,0,2,0,5.5,0,4,0,6.5
https://labs.techadyant.com/research/drones-uas/platform/avighna-aerospace-avi-1-drn-0078/,0,2,0,2,,,,
https://labs.techadyant.com/research/drones-uas/platform/blm-alpha-industries-alpha-2-early-indigenous-drn-0070/,0,2,0,1.5,,,,
https://labs.techadyant.com/research/drones-uas/platform/chinese-gj-11-sharp-sword-drn-0090/,0,2,0,2,0,7,0,50.285714285714285
https://labs.techadyant.com/research/drones-uas/platform/curphy-aero-r-1-drn-0079/,0,2,0,2,,,,
https://labs.techadyant.com/research/drones-uas/platform/cyient-uav-avionics-software-platform-drn-0060/,0,2,0,6,,,,
https://labs.techadyant.com/research/drones-uas/platform/dji-matrice-300-rtk-drn-0072/,0,2,0,7,0,1,0,9
https://labs.techadyant.com/research/drones-uas/platform/drdo-airborne-sigint-pod-uav-concept-drn-0043/,0,2,0,2,0,5,0,41.6
https://labs.techadyant.com/research/drones-uas/platform/drdo-alfa-m-drn-0085/,0,2,0,2,,,,
https://labs.techadyant.com/research/drones-uas/platform/drdo-cats-skyway-drn-0084/,0,2,0,1.5,,,,
https://labs.techadyant.com/research/drones-uas/platform/drdo-netra-original-v1-drn-0049/,0,2,0,4.5,0,4,0,49.5
https://labs.techadyant.com/research/drones-uas/platform/drdo-uxv-1-drn-0116/,0,2,0,2,0,2,0,49.5
https://labs.techadyant.com/research/drones-uas/platform/drdo-uxv-2-drn-0117/,0,2,0,2,,,,
https://labs.techadyant.com/research/drones-uas/platform/droneacharya-multirotor-x-drn-0056/,0,2,0,2,,,,
https://labs.techadyant.com/research/drones-uas/platform/droneacharya-surveyor-x-drn-0112/,0,2,0,2,,,,
https://labs.techadyant.com/research/drones-uas/platform/ga-asi-mq-9b-seaguardian-drn-0004/,0,2,0,2,0,5,0,52
https://labs.techadyant.com/research/drones-uas/platform/garuda-gs-1000-drn-0032/,0,2,0,2,,,,
https://labs.techadyant.com/research/drones-uas/platform/garuda-gs-2000-drn-0095/,0,2,0,2,,,,
https://labs.techadyant.com/research/drones-uas/platform/general-aeronautics-ga-3-drn-0035/,0,2,0,2,,,,
https://labs.techadyant.com/research/drones-uas/platform/hal-iai-heron-tp-planned-drn-0052/,0,2,0,2,,,,
https://labs.techadyant.com/research/drones-uas/platform/hal-lakshya-production-drn-0051/,0,2,0,2,,,,
https://labs.techadyant.com/research/drones-uas/platform/hal-pt-2-drn-0062/,0,2,0,2,,,,
https://labs.techadyant.com/research/drones-uas/platform/iai-harpy-drn-0014/,0,2,0,18,0,5,0,42.4
https://labs.techadyant.com/research/drones-uas/platform/ideaforge-netra-v4-pro-plus-drn-0097/,0,2,0,2,0,2,0,7
https://labs.techadyant.com/research/drones-uas/platform/ideaforge-ryn-1-rynan-drn-0129/,0,2,0,2,,,,
https://labs.techadyant.com/research/drones-uas/platform/ideaforge-zolt-drn-0141/,0,2,0,6,0,1,0,65
https://labs.techadyant.com/research/drones-uas/platform/pixoastro-honey-b-drn-0109/,0,2,0,2,0,2,0,2
https://labs.techadyant.com/research/drones-uas/platform/skye-air-skyship-drn-0037/,0,2,0,2,,,,
https://labs.techadyant.com/research/drones-uas/platform/techeagle-vertiplane-x-3-drn-0105/,0,2,0,3,0,1,0,58
https://labs.techadyant.com/research/drones-uas/platform/techeagle-vertiplane-x-5-drn-0106/,0,2,0,2,,,,
https://labs.techadyant.com/research/e/technology/gan-on-sic-rf-mmic-314f57/,0,2,0,5.5,,,,
https://labs.techadyant.com/research/entities/advanced-system-in-package-technologies-pvt-ltd-asip/,0,2,0,9.5,0,7,0,30.142857142857142
https://labs.techadyant.com/research/entities/amaravati-india-first-quantum-ai-university-nielit-meity/,0,2,0,25.5,0,1,0,7
https://labs.techadyant.com/research/entities/asml-begins-india-operations-lithography-layer-2026/,0,2,0,14,,,,
https://labs.techadyant.com/research/entities/bel-ananth-technologies-defence-aerospace-electronics-mou/,0,2,0,7.5,0,12,0,8.25
https://labs.techadyant.com/research/entities/ctrls-datacenters-limited/,0,2,0,7,0,1,0,6
https://labs.techadyant.com/research/entities/drdo-conventional-missile-technology-transfer-indian-industry/,0,2,0,9,0,3,0,56.333333333333336
https://labs.techadyant.com/research/entities/exide-energy-solutions-ltd-eesl/,0,2,0,9.5,0,1,0,66
https://labs.techadyant.com/research/entities/high-purity-gases-chemicals-localisation-tata-inox-sumitomo-2026/,0,2,0,8,,,,
https://labs.techadyant.com/research/entities/high-purity-minerals-for-semiconductors/,0,2,0,86,,,,
https://labs.techadyant.com/research/entities/hindustan-zinc-limited-hzl/,0,2,0,8,,,,
https://labs.techadyant.com/research/entities/india-ai-data-centre-cooling-2026-2035/,0,2,0,6,,,,
https://labs.techadyant.com/research/entities/india-data-centre-capacity-surges-four-fold/,0,2,0,7,0,18,0,40.611111111111114
https://labs.techadyant.com/research/entities/jagiroad-semiconductor-cluster/,0,2,0,8,0,4,0,9
https://labs.techadyant.com/research/entities/kawalapur-rare-earth-elements-block/,0,2,0,7,0,3,0,8.333333333333332
https://labs.techadyant.com/research/entities/maruti-manesar-300kw-green-hydrogen-pilot-scale-gap-2026/,0,2,0,5,,,,
https://labs.techadyant.com/research/entities/mod-811-crore-bdl-sat-saaw-iaf-iddm-2026/,0,2,0,2,,,,
https://labs.techadyant.com/research/entities/naval-group/,0,2,0,9.5,,,,
https://labs.techadyant.com/research/entities/neodymium-praseodymium/,0,2,0,23,,,,
https://labs.techadyant.com/research/entities/niti-aayog-pact-zet-marketplace-electric-freight-2026/,0,2,0,7.5,,,,
https://labs.techadyant.com/research/entities/pm-e-drive-776-crore-ev-testing-infrastructure-2026/,0,2,0,5,,,,
https://labs.techadyant.com/research/entities/polycab-india-limited/,0,2,0,9.5,,,,
https://labs.techadyant.com/research/entities/saatvik-green-energy-1042-crore-seci-solar-modules-2026/,0,2,0,8.5,,,,
https://labs.techadyant.com/research/entities/sify-mumbai-03-rabale/,0,2,0,13,0,4,0,36.25
https://labs.techadyant.com/research/entities/specialised-shipping-container/,0,2,0,2,,,,
https://labs.techadyant.com/research/entities/tonbo-imaging/,0,2,0,7,,,,
https://labs.techadyant.com/research/entities/wire-bonding/,0,2,0,8.5,,,,
https://labs.techadyant.com/research/military-aerospace/company/airbus-ds/,0,2,0,10,,,,
https://labs.techadyant.com/research/military-aerospace/dependency/aerospace-titanium/,0,2,0,8,,,,
https://labs.techadyant.com/research/military-aerospace/dependency/an32-ai20d-engine/,0,2,0,4,,,,
https://labs.techadyant.com/research/military-aerospace/dependency/c130j-ae2100-engine/,0,2,0,10,,,,
https://labs.techadyant.com/research/military-aerospace/dependency/c295-fadec/,0,2,0,8,,,,
https://labs.techadyant.com/research/military-aerospace/dependency/c295-mission-system/,0,2,0,10.5,,,,
https://labs.techadyant.com/research/military-aerospace/dependency/c390-fbw-actuators/,0,2,0,6.5,,,,
https://labs.techadyant.com/research/military-aerospace/dependency/il76-d30kp-engine/,0,2,0,6.5,,,,
https://labs.techadyant.com/research/military-aerospace/platform/mta/,0,2,0,1,,,,
https://labs.techadyant.com/research/pillars/defence/entity/500t-self-propelled-fuel-barges/,0,2,0,9.5,,,,
https://labs.techadyant.com/research/pillars/defence/entity/active-protection-system-for-tanks/,0,2,0,9.5,0,13,0,20.307692307692307
https://labs.techadyant.com/research/pillars/defence/entity/aesa-radar-technology/,0,2,0,2.5,0,1,0,59
https://labs.techadyant.com/research/pillars/defence/entity/high-mobility-vehicles-hmv/,0,2,0,8.5,,,,
https://labs.techadyant.com/research/pillars/defence/entity/hindustan-aeronautics-limited/,0,2,0,7.5,,,,
https://labs.techadyant.com/research/pillars/defence/entity/ins-agray/,0,2,0,8,,,,
https://labs.techadyant.com/research/pillars/defence/entity/ins-dunagiri/,0,2,0,45,0,1,0,48
https://labs.techadyant.com/research/pillars/defence/entity/rafale/,0,2,0,5,0,1,0,91
https://labs.techadyant.com/research/pillars/defence/entity/t-72-main-battle-tank/,0,2,0,12,,,,
https://labs.techadyant.com/research/pillars/enterprise-software/,0,2,0,39,0,2,0,33.5
https://labs.techadyant.com/research/players/3d-glass-solutions-inc-3dgs/,0,2,0,7.5,0,17,0,20.941176470588236
https://labs.techadyant.com/research/players/adani-defence-and-aerospace-2/,0,2,0,3.5,0,7,0,23.857142857142858
https://labs.techadyant.com/research/players/adani-defence-and-aerospace/,0,2,0,6,,,,
https://labs.techadyant.com/research/players/adaniconnex-noida-facility/,0,2,0,17.5,,,,
https://labs.techadyant.com/research/players/adrde-drdo/,0,2,0,8,,,,
https://labs.techadyant.com/research/players/amara-raja-giga-corridor-divitipalli/,0,2,0,8.5,0,1,0,18
https://labs.techadyant.com/research/players/amazon-web-services/,0,2,0,57.5,0,4,0,43.5
https://labs.techadyant.com/research/players/amber-enterprises-ems-division/,0,2,0,10,0,4,0,5.25
https://labs.techadyant.com/research/players/amber-enterprises-il-jin-electronics/,0,2,0,9.5,0,1,0,54
https://labs.techadyant.com/research/players/applied-materials-inc/,0,2,0,38,0,2,0,36
https://labs.techadyant.com/research/players/applied-materials-india-validation-center/,0,2,0,10,,,,
https://labs.techadyant.com/research/players/asteria-aerospace-ltd/,0,2,0,33.5,0,25,0,39.12
https://labs.techadyant.com/research/players/astra-microwave-products-limited/,0,2,0,4,,,,
https://labs.techadyant.com/research/players/autofina-robotics/,0,2,0,7,,,,
https://labs.techadyant.com/research/players/avighna-aerospace/,0,2,0,4,0,2,0,1.5
https://labs.techadyant.com/research/players/bengaluru-semiconductor-ecosystem/,0,2,0,8.5,,,,
https://labs.techadyant.com/research/players/besi-be-semiconductor-industries/,0,2,0,7.5,0,14,0,23.071428571428573
https://labs.techadyant.com/research/players/bharat-heavy-electricals-ltd-bhel/,0,2,0,4.5,,,,
https://labs.techadyant.com/research/players/bharatgen/,0,2,0,10,,,,
https://labs.techadyant.com/research/players/big-bang-boom-solutions/,0,2,0,10,,,,
https://labs.techadyant.com/research/players/bluehalo/,0,2,0,8,,,,
https://labs.techadyant.com/research/players/bonv-aero/,0,2,0,4,,,,
https://labs.techadyant.com/research/players/c-dac-trivandrum-vega-microprocessor/,0,2,0,22,0,7,0,8.142857142857142
https://labs.techadyant.com/research/players/cabot-microelectronics-cmc-materials-entegris/,0,2,0,9.5,0,27,0,10.037037037037036
https://labs.techadyant.com/research/players/cadence-india/,0,2,0,6,0,2,0,27.5
https://labs.techadyant.com/research/players/ctrls-datacenters/,0,2,0,21,0,10,0,36.7
https://labs.techadyant.com/research/players/curphy-aero-systems/,0,2,0,4,0,3,0,45.666666666666664
https://labs.techadyant.com/research/players/cyient-dlm/,0,2,0,5,0,5,0,24.8
https://labs.techadyant.com/research/players/cyient-ltd/,0,2,0,26,0,7,0,39.142857142857146
https://labs.techadyant.com/research/players/data-centre-electrical-and-mechanical-components-opportunity-surface/,0,2,0,40.5,0,2,0,76
https://labs.techadyant.com/research/players/department-of-defence-research-and-development/,0,2,0,10,0,4,0,65
https://labs.techadyant.com/research/players/edall-systems-pvt-ltd/,0,2,0,9.5,,,,
https://labs.techadyant.com/research/players/electronic-industries-association-of-india-elcina/,0,2,0,10,0,1,0,27
https://labs.techadyant.com/research/players/exide-energy-solutions-ltd-eesl/,0,2,0,9,2,8,0.25,11.375
https://labs.techadyant.com/research/players/forbes-marshall/,0,2,0,6,,,,
https://labs.techadyant.com/research/players/freshworks-inc/,0,2,0,42,,,,
https://labs.techadyant.com/research/players/gacl-gujarat-alkalies-and-chemicals-limited/,0,2,0,10,0,7,0,27.714285714285715
https://labs.techadyant.com/research/players/garuda-aerospace/,0,2,0,4.5,,,,
https://labs.techadyant.com/research/players/general-aeronautics-pvt-ltd/,0,2,0,4,0,7,0,30.714285714285715
https://labs.techadyant.com/research/players/google-tpu/,0,2,0,6.5,0,2,0,33
https://labs.techadyant.com/research/players/graphite-india-semiconductor-division/,0,2,0,6.5,0,2,0,3
https://labs.techadyant.com/research/players/ideaforge-technology-limited/,0,2,0,3,0,1,0,57
https://labs.techadyant.com/research/players/ig-drones/,0,2,0,2.5,0,5,0,26
https://labs.techadyant.com/research/players/jagiroad-semiconductor-cluster/,0,2,0,25.5,,,,
https://labs.techadyant.com/research/players/l3harris-technologies/,0,2,0,10.5,0,3,0,69.66666666666667
https://labs.techadyant.com/research/players/l3harris-wescam/,0,2,0,10,0,3,0,52.333333333333336
https://labs.techadyant.com/research/players/ministry-of-electronics-and-information-technology-meity/,0,2,0,22,,,,
https://labs.techadyant.com/research/players/national-accreditation-board-for-testing-and-calibration-laboratories/,0,2,0,10,0,4,0,39.5
https://labs.techadyant.com/research/players/national-informatics-centre-nic/,0,2,0,10.5,0,2,0,49.5
https://labs.techadyant.com/research/players/newspace-research-and-technologies/,0,2,0,3,0,2,0,65
https://labs.techadyant.com/research/players/ntt-global-data-centers-india/,0,2,0,23.5,,,,
https://labs.techadyant.com/research/players/pidilite-industries/,0,2,0,9,0,1,0,9
https://labs.techadyant.com/research/players/pixoastro-technologies/,0,2,0,4.5,,,,
https://labs.techadyant.com/research/players/risc-v-processor-ip/,0,2,0,4,,,,
https://labs.techadyant.com/research/players/sarvam-ai/,0,2,0,11,0,1,0,31
https://labs.techadyant.com/research/players/scheme-to-promote-manufacturing-of-sintered-rare-earth-permanent-magnets-repm/,0,2,0,10,0,16,0,9.25
https://labs.techadyant.com/research/players/semicon-2-0/,0,2,0,7,,,,
https://labs.techadyant.com/research/players/sk-materials-sk-specialty/,0,2,0,3,0,3,0,1.6666666666666665
https://labs.techadyant.com/research/players/tata-electronics-private-limited/,0,2,0,3,0,1,0,53
https://labs.techadyant.com/research/players/texas-instruments/,0,2,0,21,0,2,0,60.5
https://labs.techadyant.com/research/players/tricog-health/,0,2,0,10,0,2,0,30.5
https://labs.techadyant.com/research/players/united-telelinks-neolyncs-india-pvt-ltd/,0,2,0,8.5,,,,
https://labs.techadyant.com/research/players/vem-technologies-pvt-ltd/,0,2,0,9.5,0,13,0,21.23076923076923
https://labs.techadyant.com/research/players/yotta-nm1-navi-mumbai/,0,2,0,9,0,2,0,30.5
https://labs.techadyant.com/research/space/company/blue-origin/,0,2,0,73,0,12,0,72.08333333333333
https://labs.techadyant.com/research/space/company/skyroot-aerospace/,0,2,0,5.5,,,,
https://labs.techadyant.com/research/space/company/spacex/,0,2,0,9,0,4,0,54.25
https://labs.techadyant.com/research/space/company/thales-alenia-space/,0,2,0,5,,,,
https://labs.techadyant.com/research/space/platform/agnibaan-sorang/,0,2,0,1.5,,,,
https://labs.techadyant.com/research/space/platform/embrace-cosmoserv/,0,2,0,5.5,,,,
https://labs.techadyant.com/research/space/platform/gaganyaan/,0,2,0,7,,,,
https://labs.techadyant.com/research/space/platform/lvm3/,0,2,0,25,0,1,0,56
https://labs.techadyant.com/research/suppliers/state/madhya-pradesh/,0,2,0,9,0,1,0,6
https://labs.techadyant.com/research/suppliers?q=JSW%20Composites,0,2,0,7.5,,,,
https://labs.techadyant.com/signals/advanced-packaging-binding-constraint/,0,2,0,5.5,0,4,0,4.25
https://labs.techadyant.com/signals/ai-corridor-competition/,0,2,0,3.5,,,,
https://labs.techadyant.com/signals/ai-opportunity-surfaces-india/,0,2,0,7,0,2,0,10
https://labs.techadyant.com/signals/amaravati-india-first-quantum-ai-university-nielit-meity/,0,2,0,6,,,,
https://labs.techadyant.com/signals/asip-osat-visakhapatnam/,0,2,0,10,1,12,0.08333333333333333,19.333333333333332
https://labs.techadyant.com/signals/bel-ananth-technologies-defence-aerospace-electronics-mou/,0,2,0,5,0,14,0,9.357142857142858
https://labs.techadyant.com/signals/coal-india-singapore-subsidiary-critical-mineral-assets/,0,2,0,9.5,0,10,0,12.1
https://labs.techadyant.com/signals/critical-manufacturing-dependency-index-launch/,0,2,0,1.5,,,,
https://labs.techadyant.com/signals/d-propulse-demonstrates-india-first-rotating-detonation-engine-trl5/,0,2,0,8,0,17,0,12.764705882352942
https://labs.techadyant.com/signals/india-asia-mineral-processing-hub/,0,2,0,5,,,,
https://labs.techadyant.com/support/,0,2,0,5.5,0,1,0,1
https://labs.techadyant.com/research/entities/q-day-india/,1,1,1,2,,,,
https://labs.techadyant.com/research/players/drone-microcontrollers-and-socs/,1,1,1,26,,,,
https://labs.techadyant.com/research/players/epirus/,1,1,1,6,,,,
https://labs.techadyant.com/research/suppliers?q=Kennametal%20India,1,1,1,1,,,,
https://labs.techadyant.com/signals/kandla-port-based-e-methanol-plant-2300-crore-2026/,1,1,1,44,,,,
https://labs.techadyant.com/account/,0,1,0,8,0,7,0,2.2857142857142856
https://labs.techadyant.com/corrections/,0,1,0,4,0,1,0,3
https://labs.techadyant.com/corridors/amritsar-kolkata/agra/,0,1,0,5,0,2,0,6.5
https://labs.techadyant.com/corridors/cbic-kochi-extension/salem-dharmapuri,0,1,0,8,,,,
https://labs.techadyant.com/corridors/chennai-bengaluru/,0,1,0,4,0,16,0,18.375
https://labs.techadyant.com/corridors/delhi-mumbai/dadri-boraki,0,1,0,6,0,3,0,6.333333333333333
https://labs.techadyant.com/corridors/hyderabad-warangal/hyderabad-pharma-city,0,1,0,11,0,5,0,19.8
https://labs.techadyant.com/corridors/vizag-chennai/kopparthi/,0,1,0,1,,,,
https://labs.techadyant.com/dependencies/products/5g-baseband-asic/,0,1,0,8,0,1,0,6
https://labs.techadyant.com/dependencies/products/aircraft-aluminum-7075/,0,1,0,4,0,1,0,3
https://labs.techadyant.com/dependencies/products/aircraft-wiring-harnesses-004/,0,1,0,4,,,,
https://labs.techadyant.com/dependencies/products/analog-ics/,0,1,0,7,,,,
https://labs.techadyant.com/dependencies/products/ball-screws-precision-141/,0,1,0,2,,,,
https://labs.techadyant.com/dependencies/products/battery-binders-pvdf-118/,0,1,0,8,0,1,0,1
https://labs.techadyant.com/dependencies/products/biologics-media-bioreactor/,0,1,0,10,,,,
https://labs.techadyant.com/dependencies/products/chiplet-advanced-packaging/,0,1,0,3,,,,
https://labs.techadyant.com/dependencies/products/cnc-controls-open-architecture-045/,0,1,0,5,,,,
https://labs.techadyant.com/dependencies/products/cnc-machine-tool-5-axis/,0,1,0,6,,,,
https://labs.techadyant.com/dependencies/products/copper-concentrate-024/,0,1,0,8,0,1,0,57
https://labs.techadyant.com/dependencies/products/drone-flight-controller/,0,1,0,3,,,,
https://labs.techadyant.com/dependencies/products/drone-payload-sensor/,0,1,0,4,,,,
https://labs.techadyant.com/dependencies/products/eda-tools/,0,1,0,6,0,2,0,48.5
https://labs.techadyant.com/dependencies/products/electronic-grade-hf/,0,1,0,7,0,3,0,38.333333333333336
https://labs.techadyant.com/dependencies/products/gallium--germanium-060/,0,1,0,8,0,1,0,4
https://labs.techadyant.com/dependencies/products/hafnium-aerospace-108/,0,1,0,1,0,2,0,5.5
https://labs.techadyant.com/dependencies/products/industrial-robotics-6-axis/,0,1,0,9,0,2,0,83.5
https://labs.techadyant.com/dependencies/products/industrial-vision-systems-057/,0,1,0,11,,,,
https://labs.techadyant.com/dependencies/products/lithium-anode-graphite/,0,1,0,10,0,2,0,4
https://labs.techadyant.com/dependencies/products/logic-advanced-node/,0,1,0,5,,,,
https://labs.techadyant.com/dependencies/products/memory-dram-nand/,0,1,0,2,,,,
https://labs.techadyant.com/dependencies/products/mrna-lipid-nanoparticles-107/,0,1,0,4,,,,
https://labs.techadyant.com/dependencies/products/nickel-sulphate-class-1/,0,1,0,10,0,3,0,47.666666666666664
https://labs.techadyant.com/dependencies/products/on-board-chargers-137/,0,1,0,7,,,,
https://labs.techadyant.com/dependencies/products/polyurethane-feedstock-mdi/,0,1,0,4,,,,
https://labs.techadyant.com/dependencies/products/precision-munitions-guidance-kit/,0,1,0,3,,,,
https://labs.techadyant.com/dependencies/products/satcom-lnbs--bucs-056/,0,1,0,4,,,,
https://labs.techadyant.com/dependencies/products/silver-paste-solar/,0,1,0,7,0,1,0,48
https://labs.techadyant.com/dependencies/products/solar-junction-boxes-018/,0,1,0,1,,,,
https://labs.techadyant.com/dependencies/products/solar-junction-boxes-138/,0,1,0,4,,,,
https://labs.techadyant.com/dependencies/products/solar-polysilicon/,0,1,0,1,0,3,0,6
https://labs.techadyant.com/dependencies/products/solar-tabbing-wire-006/,0,1,0,7,,,,
https://labs.techadyant.com/dependencies/products/solder-paste--flux-semiconductor-049/,0,1,0,10,,,,
https://labs.techadyant.com/dependencies/products/specialty-steel-electrical-grade/,0,1,0,8,1,1,1,30
https://labs.techadyant.com/dependencies/products/steroids-apis-035/,0,1,0,9,,,,
https://labs.techadyant.com/dependencies/products/submarine-sonar-array/,0,1,0,9,0,2,0,15.5
https://labs.techadyant.com/dependencies/products/surfactants-industrial-070/,0,1,0,2,,,,
https://labs.techadyant.com/dependencies/products/uv-stabilisers-hals-094/,0,1,0,1,,,,
https://labs.techadyant.com/dependencies/sectors/automotive-ev/,0,1,0,87,,,,
https://labs.techadyant.com/dependencies/sectors/defence/,0,1,0,10,0,1,0,74
https://labs.techadyant.com/dependencies/sectors/metals-materials/,0,1,0,70,,,,
https://labs.techadyant.com/dependencies/states/kerala/,0,1,0,5,0,1,0,88
https://labs.techadyant.com/licensing/,0,1,0,1,0,1,0,1
https://labs.techadyant.com/refund/,0,1,0,10,,,,
https://labs.techadyant.com/reports/india-ai-power-infrastructure-gap/,0,1,0,6,,,,
https://labs.techadyant.com/reports/india-drone-propulsion-opportunity,0,1,0,7,0,4,0,31
https://labs.techadyant.com/reports/india-green-hydrogen/executive-summary/,0,1,0,7,,,,
https://labs.techadyant.com/reports/india-military-aerospace-manufacturing-ecosystem/,0,1,0,9,,,,
https://labs.techadyant.com/reports/kalpasar-economic-impact/,0,1,0,16,,,,
https://labs.techadyant.com/reports/theme/ai-infrastructure-and-cooling/,0,1,0,88,,,,
https://labs.techadyant.com/research/corridors/ai-medtech/,0,1,0,25,0,1,0,20
https://labs.techadyant.com/research/corridors/defence/,0,1,0,4,0,1,0,77
https://labs.techadyant.com/research/counter-uas/manufacturer/alpha-design-technologies-mfg-013/,0,1,0,7,0,1,0,10
https://labs.techadyant.com/research/counter-uas/manufacturer/bharat-dynamics-limited-bdl-mfg-018/,0,1,0,6,,,,
https://labs.techadyant.com/research/counter-uas/manufacturer/kritikal-securescan-mfg-012/,0,1,0,3,0,13,0,15.538461538461538
https://labs.techadyant.com/research/counter-uas/manufacturer/teledyne-flir-mfg-039/,0,1,0,5,,,,
https://labs.techadyant.com/research/counter-uas/manufacturer/thales-group-mfg-026/,0,1,0,3,,,,
https://labs.techadyant.com/research/counter-uas/manufacturer/vega-integrated-systems-mfg-009/,0,1,0,4,,,,
https://labs.techadyant.com/research/counter-uas/manufacturer/zen-technologies-mfg-003/,0,1,0,9,0,1,0,20
https://labs.techadyant.com/research/counter-uas/system/aselsan-redet-cuas-cus-044/,0,1,0,2,0,1,0,11
https://labs.techadyant.com/research/counter-uas/system/bordtek-skywall-100-cus-045/,0,1,0,2,,,,
https://labs.techadyant.com/research/counter-uas/system/counter-drone-system-ccuas-cus-002/,0,1,0,4,0,5,0,90.4
https://labs.techadyant.com/research/counter-uas/system/dedroneplatform-cus-034/,0,1,0,2,,,,
https://labs.techadyant.com/research/counter-uas/system/detect-destroy-anti-drone-system-cus-015/,0,1,0,10,0,2,0,79
https://labs.techadyant.com/research/counter-uas/system/diehl-defence-hpem-high-power-em-cus-055/,0,1,0,2,0,1,0,9
https://labs.techadyant.com/research/counter-uas/system/elbit-bright-arrow-soft-hard-kill-cus-040/,0,1,0,2,,,,
https://labs.techadyant.com/research/counter-uas/system/esc-britecloud-drfm-decoy-cuas-capable-cus-049/,0,1,0,11,,,,
https://labs.techadyant.com/research/counter-uas/system/iron-beam-laser-cuas-cus-051/,0,1,0,2,0,1,0,5
https://labs.techadyant.com/research/counter-uas/system/l3harris-vampire-cuas-variant-cus-041/,0,1,0,3,0,2,0,19
https://labs.techadyant.com/research/counter-uas/system/rafael-drone-dome-cus-024/,0,1,0,9,,,,
https://labs.techadyant.com/research/counter-uas/system/rafael-litening-5-eo-ir-pod-cuas-capable-cus-039/,0,1,0,2,,,,
https://labs.techadyant.com/research/counter-uas/system/skyfang-net-gun-portable-cus-046/,0,1,0,2,0,1,0,9
https://labs.techadyant.com/research/counter-uas/system/skylock-dome-cuas-cus-050/,0,1,0,2,,,,
https://labs.techadyant.com/research/counter-uas/system/spike-firefly-loitering-munition-anti-drone-capable-cus-026/,0,1,0,2,,,,
https://labs.techadyant.com/research/counter-uas/system/tata-advanced-systems-cuas-cus-056/,0,1,0,2,0,5,0,4
https://labs.techadyant.com/research/counter-uas/system/vajra-sentinel-counter-drone-system-cus-009/,0,1,0,2,0,3,0,2.666666666666667
https://labs.techadyant.com/research/dependencies/,0,1,0,1,0,4,0,5
https://labs.techadyant.com/research/drones-uas/company/aarav-unmanned-systems-mfr-040/,0,1,0,2,0,1,0,6
https://labs.techadyant.com/research/drones-uas/company/adani-defence-aerospace-mfr-017/,0,1,0,4,,,,
https://labs.techadyant.com/research/drones-uas/company/alpha-design-technologies-pvt-ltd-mfr-018/,0,1,0,3,0,1,0,8
https://labs.techadyant.com/research/drones-uas/company/arcanumspace-mfr-103/,0,1,0,6,0,3,0,7
https://labs.techadyant.com/research/drones-uas/company/cyient-ltd-mfr-022/,0,1,0,4,,,,
https://labs.techadyant.com/research/drones-uas/company/dcm-shriram-industries-mfr-025/,0,1,0,3,,,,
https://labs.techadyant.com/research/drones-uas/company/detect-technologies-mfr-047/,0,1,0,3,,,,
https://labs.techadyant.com/research/drones-uas/company/honeywell-aerospace-mfr-067/,0,1,0,8,,,,
https://labs.techadyant.com/research/drones-uas/company/mahindra-defence-systems-mfr-083/,0,1,0,20,0,6,0,47.333333333333336
https://labs.techadyant.com/research/drones-uas/company/newspace-india-limited-nsil-mfr-034/,0,1,0,35,,,,
https://labs.techadyant.com/research/drones-uas/company/shenyang-aircraft-corp-sac-mfr-056/,0,1,0,7,,,,
https://labs.techadyant.com/research/drones-uas/platform/adani-bel-sm-1-joint-drn-0059/,0,1,0,2,0,3,0,30.333333333333332
https://labs.techadyant.com/research/drones-uas/platform/aebird-inspecto-drn-0054/,0,1,0,2,,,,
https://labs.techadyant.com/research/drones-uas/platform/alpha-design-uav-avionics-suite-drn-0064/,0,1,0,2,,,,
https://labs.techadyant.com/research/drones-uas/platform/asteria-wyvern-drn-0034/,0,1,0,2,,,,
https://labs.techadyant.com/research/drones-uas/platform/av-switchblade-600-drn-0102/,0,1,0,2,0,13,0,22.692307692307693
https://labs.techadyant.com/research/drones-uas/platform/bangalore-aeroverse-subscale-uav-drn-0050/,0,1,0,2,0,2,0,51.5
https://labs.techadyant.com/research/drones-uas/platform/bhel-cargomark-1-drn-0130/,0,1,0,2,0,3,0,5
https://labs.techadyant.com/research/drones-uas/platform/bhel-dronemark-1-drn-0080/,0,1,0,2,0,1,0,1
https://labs.techadyant.com/research/drones-uas/platform/bonv-aero-aero-x-drn-0076/,0,1,0,2,,,,
https://labs.techadyant.com/research/drones-uas/platform/bonv-aero-cloudx-drn-0077/,0,1,0,2,,,,
https://labs.techadyant.com/research/drones-uas/platform/chinese-ch-4-drn-0088/,0,1,0,7,0,2,0,5.5
https://labs.techadyant.com/research/drones-uas/platform/dcm-shriram-hexacopter-drn-0058/,0,1,0,2,,,,
https://labs.techadyant.com/research/drones-uas/platform/detect-technologies-detect-1-drn-0110/,0,1,0,2,,,,
https://labs.techadyant.com/research/drones-uas/platform/dji-agras-t10-drn-0128/,0,1,0,9,0,2,0,6.5
https://labs.techadyant.com/research/drones-uas/platform/dji-matrice-350-rtk-drn-0124/,0,1,0,7,,,,
https://labs.techadyant.com/research/drones-uas/platform/dji-mavic-3-thermal-drn-0127/,0,1,0,8,,,,
https://labs.techadyant.com/research/drones-uas/platform/dji-phantom-4-rtk-drn-0073/,0,1,0,7,0,4,0,52.75
https://labs.techadyant.com/research/drones-uas/platform/drdo-abhyas-drn-0020/,0,1,0,5,,,,
https://labs.techadyant.com/research/drones-uas/platform/drdo-black-kite-drn-0027/,0,1,0,2,0,3,0,11
https://labs.techadyant.com/research/drones-uas/platform/drdo-cats-hunter-drn-0083/,0,1,0,2,0,1,0,61
https://labs.techadyant.com/research/drones-uas/platform/drdo-rustom-i-drn-0010/,0,1,0,8,0,4,0,33
https://labs.techadyant.com/research/drones-uas/platform/drdo-sling-drn-0028/,0,1,0,2,,,,
https://labs.techadyant.com/research/drones-uas/platform/eplane-e100-drn-0108/,0,1,0,2,,,,
https://labs.techadyant.com/research/drones-uas/platform/ga-asi-avenger-predator-c-drn-0068/,0,1,0,2,,,,
https://labs.techadyant.com/research/drones-uas/platform/garuda-kv-1-guardian-drn-0030/,0,1,0,2,,,,
https://labs.techadyant.com/research/drones-uas/platform/general-atomics-avenger-predator-c-drn-0123/,0,1,0,2,0,3,0,63.333333333333336
https://labs.techadyant.com/research/drones-uas/platform/ideaforge-netra-v4-mini-drn-0100/,0,1,0,2,0,1,0,10
https://labs.techadyant.com/research/drones-uas/platform/ideaforge-q6-drn-0025/,0,1,0,7,0,3,0,8
https://labs.techadyant.com/research/drones-uas/platform/ig-drones-survey-drone-drn-0055/,0,1,0,10,,,,
https://labs.techadyant.com/research/drones-uas/platform/marut-drones-ag-365-s-drn-0093/,0,1,0,1,0,1,0,11
https://labs.techadyant.com/research/drones-uas/platform/newspace-sheshnaag-150-drn-0133/,0,1,0,11,,,,
https://labs.techadyant.com/research/drones-uas/platform/nibe-vayuastra-drn-0131/,0,1,0,10,0,1,0,11
https://labs.techadyant.com/research/drones-uas/platform/solar-industries-nagastra-2-drn-0016/,0,1,0,8,,,,
https://labs.techadyant.com/research/drones-uas/platform/vem-tech-gcs-100-drn-0065/,0,1,0,2,,,,
https://labs.techadyant.com/research/e/mine/camyen-catamarca-lithium-blocks-5-c0051a/,0,1,0,1,,,,
https://labs.techadyant.com/research/e/mineral_material/rare-earth-elements-magnet-nd-pr-dy-tb-4fc2e5/,0,1,0,1,,,,
https://labs.techadyant.com/research/e/process/cobalt-sulphate-refining-9014e8/,0,1,0,11,0,1,0,59
https://labs.techadyant.com/research/e/product/drone-flight-controller-470653/,0,1,0,8,,,,
https://labs.techadyant.com/research/e/product/uncooled-thermal-imaging-cameras-98da09/,0,1,0,9,,,,
https://labs.techadyant.com/research/e/technology/ai-cluster-networking-fabric-130412/,0,1,0,82,0,2,0,74.5
https://labs.techadyant.com/research/e/technology/electronic-design-automation-eda-software-356005/,0,1,0,50,0,4,0,70.25
https://labs.techadyant.com/research/entities/advanced-systems-laboratory/,0,1,0,6,0,2,0,15.5
https://labs.techadyant.com/research/entities/ail-dixon-technologies-pvt-ltd/,0,1,0,9,,,,
https://labs.techadyant.com/research/entities/amara-raja-giga-corridor-divitipalli/,0,1,0,5,,,,
https://labs.techadyant.com/research/entities/atands-austria-technologie-and-systemtechnik/,0,1,0,19,0,1,0,54
https://labs.techadyant.com/research/entities/bharat-electronics-limited-bel-test-lab/,0,1,0,7,0,5,0,40.6
https://labs.techadyant.com/research/entities/bharat-forge-pratt-whitney-canada-drdo-hale-uav-engine-2026/,0,1,0,18,,,,
https://labs.techadyant.com/research/entities/boeing-defense/,0,1,0,16,0,1,0,94
https://labs.techadyant.com/research/entities/coal-india-critical-minerals-advanced-materials-platform-2026/,0,1,0,3,,,,
https://labs.techadyant.com/research/entities/copper/,0,1,0,9,,,,
https://labs.techadyant.com/research/entities/critical-minerals-auction-and-list/,0,1,0,44,0,3,0,44
https://labs.techadyant.com/research/entities/critical-minerals-strategic-roadmap/,0,1,0,10,0,3,0,35
https://labs.techadyant.com/research/entities/data-centre-build-out-opportunity-surface/,0,1,0,8,0,1,0,83
https://labs.techadyant.com/research/entities/dixon-technologies-india-ltd/,0,1,0,14,,,,
https://labs.techadyant.com/research/entities/drdo-missile-tot-scale-node-india-2026/,0,1,0,7,,,,
https://labs.techadyant.com/research/entities/drone-electronics-flight-controllers/,0,1,0,2,,,,
https://labs.techadyant.com/research/entities/drone-propulsion-localisation/,0,1,0,9,,,,
https://labs.techadyant.com/research/entities/electronic-specialty-gases/,0,1,0,10,,,,
https://labs.techadyant.com/research/entities/electronics-and-radar-development-establishment/,0,1,0,10,0,2,0,7.5
https://labs.techadyant.com/research/entities/flip-chip-packaging/,0,1,0,13,,,,
https://labs.techadyant.com/research/entities/foxconn-india/,0,1,0,10,0,2,0,36
https://labs.techadyant.com/research/entities/gallium-nitride/,0,1,0,16,,,,
https://labs.techadyant.com/research/entities/gnani-ai/,0,1,0,99,,,,
https://labs.techadyant.com/research/entities/healthplix/,0,1,0,8,,,,
https://labs.techadyant.com/research/entities/incore-semiconductors/,0,1,0,3,0,3,0,14
https://labs.techadyant.com/research/entities/india-aerospace-supply-chain-missing-links/,0,1,0,6,1,1,1,1
https://labs.techadyant.com/research/entities/india-ai-compute-corridor-economics/,0,1,0,10,0,1,0,76
https://labs.techadyant.com/research/entities/india-armenia-pralay-ballistic-missile-export-talks/,0,1,0,10,0,11,0,8.272727272727273
https://labs.techadyant.com/research/entities/india-cargo-drone-market/,0,1,0,81,0,2,0,30.5
https://labs.techadyant.com/research/entities/india-critical-manufacturing-dependencies/,0,1,0,1,0,3,0,12
https://labs.techadyant.com/research/entities/india-green-hydrogen/,0,1,0,3,0,1,0,11
https://labs.techadyant.com/research/entities/india-military-aerospace-manufacturing-ecosystem/,0,1,0,3,,,,
https://labs.techadyant.com/research/entities/indiaai-independent-business-division/,0,1,0,2,,,,
https://labs.techadyant.com/research/entities/indian-oil-corporation-iocl/,0,1,0,11,0,1,0,18
https://labs.techadyant.com/research/entities/indias-hidden-industrial-water-crisis/,0,1,0,9,,,,
https://labs.techadyant.com/research/entities/kabil-argentina-lithium-production-4-5-years/,0,1,0,10,0,3,0,7.666666666666667
https://labs.techadyant.com/research/entities/lam-research-10000-crore-equipment-layer-2026/,0,1,0,9,,,,
https://labs.techadyant.com/research/entities/lt-together-ai-nvidia-b300-ai-factory-chennai/,0,1,0,7,1,31,0.03225806451612903,8.67741935483871
https://labs.techadyant.com/research/entities/marine-grade-coatings/,0,1,0,11,,,,
https://labs.techadyant.com/research/entities/meghraj-gi-cloud/,0,1,0,10,0,4,0,70.5
https://labs.techadyant.com/research/entities/micron-technology/,0,1,0,6,0,1,0,6
https://labs.techadyant.com/research/entities/nikon-corporation-precision-equipment/,0,1,0,10,0,4,0,6.5
https://labs.techadyant.com/research/entities/ntt-noida-2-campus/,0,1,0,9,,,,
https://labs.techadyant.com/research/entities/pidilite-industries/,0,1,0,11,0,1,0,83
https://labs.techadyant.com/research/entities/power-management-ic/,0,1,0,8,,,,
https://labs.techadyant.com/research/entities/quantum-orders-industrial-policy/,0,1,0,13,,,,
https://labs.techadyant.com/research/entities/rare-earth-permanent-magnets-ndfeb/,0,1,0,6,,,,
https://labs.techadyant.com/research/entities/refinery-equipment-technology-transfer/,0,1,0,26,,,,
https://labs.techadyant.com/research/entities/sectrio/,0,1,0,8,,,,
https://labs.techadyant.com/research/entities/semiconductor-final-test/,0,1,0,50,,,,
https://labs.techadyant.com/research/entities/semiconductor-front-end-fab-supply-chain/,0,1,0,10,,,,
https://labs.techadyant.com/research/entities/semiconductor-wet-chemicals/,0,1,0,10,,,,
https://labs.techadyant.com/research/entities/siemens-eda/,0,1,0,10,0,1,0,58
https://labs.techadyant.com/research/entities/tessolve-semiconductor-failure-analysis-lab/,0,1,0,5,0,6,0,6.333333333333333
https://labs.techadyant.com/research/entities/three-indian-semiconductor-plants-live-ism-20-approved-semicon-india-2026/,0,1,0,70,0,2,0,99
https://labs.techadyant.com/research/entities/ultrapure-water/,0,1,0,9,,,,
https://labs.techadyant.com/research/military-aerospace/company/honeywell/,0,1,0,63,,,,
https://labs.techadyant.com/research/military-aerospace/company/telair/,0,1,0,3,0,9,0,11.88888888888889
https://labs.techadyant.com/research/military-aerospace/dependency/c295-hydraulics/,0,1,0,3,,,,
https://labs.techadyant.com/research/military-aerospace/dependency/c295-self-protection/,0,1,0,9,,,,
https://labs.techadyant.com/research/pillars/defence/entity/advanced-light-helicopters-alh/,0,1,0,3,,,,
https://labs.techadyant.com/research/pillars/defence/entity/akash-weapon-system/,0,1,0,7,,,,
https://labs.techadyant.com/research/pillars/defence/entity/arudhra-radar/,0,1,0,6,,,,
https://labs.techadyant.com/research/pillars/defence/entity/bmp-2-bmp-2k/,0,1,0,3,,,,
https://labs.techadyant.com/research/pillars/defence/entity/dassault-aviation/,0,1,0,2,0,1,0,67
https://labs.techadyant.com/research/pillars/defence/entity/indian-air-force/,0,1,0,10,0,2,0,34.5
https://labs.techadyant.com/research/pillars/defence/entity/indian-coast-guard/,0,1,0,45,0,3,0,58.333333333333336
https://labs.techadyant.com/research/pillars/defence/entity/indian-navy/,0,1,0,8,0,2,0,35
https://labs.techadyant.com/research/pillars/defence/entity/ins-mahendragiri/,0,1,0,9,0,1,0,11
https://labs.techadyant.com/research/pillars/defence/entity/mrsam/,0,1,0,93,0,1,0,9
https://labs.techadyant.com/research/pillars/defence/entity/trawl-tanks/,0,1,0,2,,,,
https://labs.techadyant.com/research/players/3d-glass-substrates/,0,1,0,18,0,1,0,8
https://labs.techadyant.com/research/players/aarti-industries-specialty-chemicals/,0,1,0,2,0,1,0,10
https://labs.techadyant.com/research/players/adani-defence-interceptor-drone/,0,1,0,7,0,1,0,7
https://labs.techadyant.com/research/players/advantest-corporation/,0,1,0,2,0,10,0,53.6
https://labs.techadyant.com/research/players/aeronautical-development-agency,0,1,0,7,0,1,0,10
https://labs.techadyant.com/research/players/aerovironment-inc/,0,1,0,7,0,3,0,30.666666666666668
https://labs.techadyant.com/research/players/ai-cluster-networking-fabric/,0,1,0,33,0,2,0,30
https://labs.techadyant.com/research/players/air-liquide-india/,0,1,0,12,,,,
https://labs.techadyant.com/research/players/air-products-india/,0,1,0,7,0,2,0,50
https://labs.techadyant.com/research/players/alpha-design-technologies-pvt-ltd/,0,1,0,4,,,,
https://labs.techadyant.com/research/players/amazon-web-services-india-healthcare-ai/,0,1,0,11,0,1,0,44
https://labs.techadyant.com/research/players/amd/,0,1,0,11,,,,
https://labs.techadyant.com/research/players/ants-ceramics/,0,1,0,7,,,,
https://labs.techadyant.com/research/players/aravind-eye-care-system/,0,1,0,10,,,,
https://labs.techadyant.com/research/players/association-of-indian-medical-device-industry-aimed/,0,1,0,8,0,31,0,13.161290322580646
https://labs.techadyant.com/research/players/atands/,0,1,0,8,,,,
https://labs.techadyant.com/research/players/attero-recycling-private-limited/,0,1,0,11,,,,
https://labs.techadyant.com/research/players/atul-limited-specialty-chemicals/,0,1,0,2,0,1,0,7
https://labs.techadyant.com/research/players/bangalore-aeroverse-pvt-ltd/,0,1,0,4,,,,
https://labs.techadyant.com/research/players/bpl-medical-technologies/,0,1,0,9,0,2,0,33.5
https://labs.techadyant.com/research/players/brahmos-aerospace-private-limited/,0,1,0,5,0,6,0,55
https://labs.techadyant.com/research/players/cmp-slurries-and-pads/,0,1,0,14,,,,
https://labs.techadyant.com/research/players/controp-precision-technologies/,0,1,0,6,,,,
https://labs.techadyant.com/research/players/crystal-matrix-limited/,0,1,0,9,,,,
https://labs.techadyant.com/research/players/csir-cecri-karaikudi/,0,1,0,20,0,5,0,9.6
https://labs.techadyant.com/research/players/ctrls-datacenters-limited/,0,1,0,9,0,2,0,72
https://labs.techadyant.com/research/players/d-propulse/,0,1,0,10,0,4,0,8
https://labs.techadyant.com/research/players/dassault-aviation/,0,1,0,8,0,1,0,30
https://labs.techadyant.com/research/players/dcm-shriram-industries/,0,1,0,4,,,,
https://labs.techadyant.com/research/players/department-of-atomic-energy-dae/,0,1,0,10,0,6,0,43.333333333333336
https://labs.techadyant.com/research/players/department-of-defence-production/,0,1,0,11,,,,
https://labs.techadyant.com/research/players/department-of-military-affairs/,0,1,0,9,0,2,0,73
https://labs.techadyant.com/research/players/design-linked-incentive-scheme/,0,1,0,18,,,,
https://labs.techadyant.com/research/players/diamond-aircraft-industries/,0,1,0,6,,,,
https://labs.techadyant.com/research/players/dji/,0,1,0,3,,,,
https://labs.techadyant.com/research/players/dupont-cmp-pads-rohm-and-haas/,0,1,0,9,0,3,0,32.33333333333333
https://labs.techadyant.com/research/players/dupont-electronics-and-industrial/,0,1,0,10,0,15,0,37.6
https://labs.techadyant.com/research/players/gail-india-limited/,0,1,0,9,0,3,0,55.333333333333336
https://labs.techadyant.com/research/players/gan-on-sic-rf-mmic/,0,1,0,18,,,,
https://labs.techadyant.com/research/players/gas-turbine-research-establishment/,0,1,0,28,,,,
https://labs.techadyant.com/research/players/general-atomics-aeronautical-systems-ga-asi/,0,1,0,62,0,14,0,66.78571428571429
https://labs.techadyant.com/research/players/gnani-ai/,0,1,0,27,,,,
https://labs.techadyant.com/research/players/gnfc-gujarat-narmada-valley-fertilizers-and-chemicals/,0,1,0,4,0,2,0,6
https://labs.techadyant.com/research/players/google-cloud-alphabet/,0,1,0,7,0,2,0,85
https://labs.techadyant.com/research/players/google-cloud-mumbai-region/,0,1,0,4,0,5,0,70
https://labs.techadyant.com/research/players/hcl-electronics-hcl-group-medical-electronics-randd/,0,1,0,10,0,4,0,15.75
https://labs.techadyant.com/research/players/iit-hyderabad/,0,1,0,37,0,1,0,53
https://labs.techadyant.com/research/players/india-semiconductor-mission-ism-modified-scheme/,0,1,0,6,,,,
https://labs.techadyant.com/research/players/indian-air-force/,0,1,0,5,,,,
https://labs.techadyant.com/research/players/instruments-research-and-development-establishment/,0,1,0,4,0,2,0,10
https://labs.techadyant.com/research/players/iocl-paradip-refinery/,0,1,0,10,0,1,0,34
https://labs.techadyant.com/research/players/ion-exchange-india-ltd/,0,1,0,11,0,2,0,5
https://labs.techadyant.com/research/players/kaynes-semicon-pvt-ltd/,0,1,0,4,0,5,0,42.2
https://labs.techadyant.com/research/players/kritikal-securescan/,0,1,0,5,0,10,0,13.1
https://labs.techadyant.com/research/players/krutrim-si-designs-private-limited/,0,1,0,10,,,,
https://labs.techadyant.com/research/players/lam-research-corporation/,0,1,0,7,,,,
https://labs.techadyant.com/research/players/larsen-and-toubro-construction-landt/,0,1,0,43,0,1,0,10
https://labs.techadyant.com/research/players/larsen-and-toubro-landt-medical-equipment/,0,1,0,6,0,2,0,11
https://labs.techadyant.com/research/players/lohum-cleantech-private-limited/,0,1,0,7,0,7,0,21.571428571428573
https://labs.techadyant.com/research/players/male-hale-uav-platforms/,0,1,0,8,,,,
https://labs.techadyant.com/research/players/micron-semiconductor-technology-india-private-limited/,0,1,0,8,0,2,0,8.5
https://labs.techadyant.com/research/players/microsoft-ai-for-health-india-programmes/,0,1,0,10,,,,
https://labs.techadyant.com/research/players/ministry-of-defence-government-of-india/,0,1,0,1,0,2,0,22
https://labs.techadyant.com/research/players/munitions-india-limited/,0,1,0,7,0,2,0,11
https://labs.techadyant.com/research/players/national-quantum-mission/,0,1,0,19,,,,
https://labs.techadyant.com/research/players/neogen-chemicals/,0,1,0,3,0,2,0,9
https://labs.techadyant.com/research/players/nvidia-corporation/,0,1,0,5,0,2,0,57.5
https://labs.techadyant.com/research/players/nxtra-data-limited/,0,1,0,11,,,,
https://labs.techadyant.com/research/players/openworks-engineering-bordtek/,0,1,0,8,0,1,0,58
https://labs.techadyant.com/research/players/praxair-india-linde/,0,1,0,20,0,2,0,38
https://labs.techadyant.com/research/players/px4-ardupilot-autopilot-stack/,0,1,0,8,0,2,0,31.5
https://labs.techadyant.com/research/players/qure-ai/,0,1,0,9,0,7,0,66.85714285714286
https://labs.techadyant.com/research/players/raphe-mphibr-logistics/,0,1,0,10,,,,
https://labs.techadyant.com/research/players/rare-earth-elements-magnet-nd-pr-dy-tb/,0,1,0,2,0,2,0,51
https://labs.techadyant.com/research/players/rare-earth-elements-neodymium-praseodymium/,0,1,0,58,0,1,0,53
https://labs.techadyant.com/research/players/raytheon-coyote-block-1/,0,1,0,7,0,6,0,19.666666666666668
https://labs.techadyant.com/research/players/remidio-innovative-solutions/,0,1,0,6,0,5,0,46.2
https://labs.techadyant.com/research/players/resonac-corporation-showa-denko/,0,1,0,32,0,30,0,28.7
https://labs.techadyant.com/research/players/rv-vlsi-design-center/,0,1,0,8,0,14,0,34.285714285714285
https://labs.techadyant.com/research/players/safran-aircraft-engines/,0,1,0,16,0,1,0,11
https://labs.techadyant.com/research/players/salesforce-inc/,0,1,0,1,,,,
https://labs.techadyant.com/research/players/sectrio/,0,1,0,10,,,,
https://labs.techadyant.com/research/players/servicenow-inc/,0,1,0,7,,,,
https://labs.techadyant.com/research/players/shogini-technoarts/,0,1,0,9,,,,
https://labs.techadyant.com/research/players/sify-mumbai-03-rabale/,0,1,0,5,0,5,0,33.8
https://labs.techadyant.com/research/players/sigtuple-technologies/,0,1,0,2,0,3,0,27.333333333333332
https://labs.techadyant.com/research/players/solar-industries-india/,0,1,0,6,0,1,0,66
https://labs.techadyant.com/research/players/sovereign-compute-gpu-as-a-service-opportunity-surface/,0,1,0,11,0,3,0,40
https://labs.techadyant.com/research/players/subex/,0,1,0,8,,,,
https://labs.techadyant.com/research/players/t-motor/,0,1,0,10,0,2,0,54
https://labs.techadyant.com/research/players/tata-advanced-systems-tasl/,0,1,0,3,0,6,0,62.333333333333336
https://labs.techadyant.com/research/players/tata-sons-tata-group/,0,1,0,9,,,,
https://labs.techadyant.com/research/players/techeagle-ventures/,0,1,0,4,,,,
https://labs.techadyant.com/research/players/tessolve-semiconductor-failure-analysis-lab/,0,1,0,11,0,2,0,45
https://labs.techadyant.com/research/players/tessolve-semiconductor/,0,1,0,9,0,2,0,68.5
https://labs.techadyant.com/research/players/titanium-sponge/,0,1,0,7,,,,
https://labs.techadyant.com/research/players/tokai-carbon-co-ltd/,0,1,0,5,1,4,0.25,19.25
https://labs.techadyant.com/research/players/tokyo-ohka-kogyo-co-ltd-tok/,0,1,0,19,0,10,0,7.3
https://labs.techadyant.com/research/players/tokyo-ohka-kogyo/,0,1,0,10,,,,
https://labs.techadyant.com/research/players/tonbo-imaging/,0,1,0,38,,,,
https://labs.techadyant.com/research/players/tuv-india/,0,1,0,16,0,3,0,1
https://labs.techadyant.com/research/players/ul-india/,0,1,0,26,0,4,0,35.75
https://labs.techadyant.com/research/players/unimicron/,0,1,0,10,0,3,0,47.666666666666664
https://labs.techadyant.com/research/players/unique-identification-authority-of-india-uidai/,0,1,0,10,0,3,0,29.333333333333332
https://labs.techadyant.com/research/players/vega-integrated-systems/,0,1,0,3,,,,
https://labs.techadyant.com/research/players/vinati-organics/,0,1,0,8,,,,
https://labs.techadyant.com/research/players/wb-electronics-sa/,0,1,0,7,,,,
https://labs.techadyant.com/research/players/wipro/,0,1,0,8,,,,
https://labs.techadyant.com/research/players/wolfspeed-inc/,0,1,0,10,,,,
https://labs.techadyant.com/research/space/company/etherealx/,0,1,0,6,0,1,0,33
https://labs.techadyant.com/research/space/company/godrej-aerospace/,0,1,0,10,0,1,0,9
https://labs.techadyant.com/research/space/company/grahaa-space/,0,1,0,32,0,1,0,11
https://labs.techadyant.com/research/space/company/in-space/,0,1,0,1,,,,
https://labs.techadyant.com/research/space/company/northrop-grumman-space/,0,1,0,29,0,1,0,70
https://labs.techadyant.com/research/space/company/optimized-electrotech/,0,1,0,11,0,1,0,81
https://labs.techadyant.com/research/space/company/planet-labs/,0,1,0,8,0,3,0,40
https://labs.techadyant.com/research/space/company/satleo-labs/,0,1,0,4,0,2,0,26
https://labs.techadyant.com/research/space/company/tonbo-imaging/,0,1,0,10,0,4,0,7.75
https://labs.techadyant.com/research/space/platform/aditya-l1/,0,1,0,11,,,,
https://labs.techadyant.com/research/space/platform/chandrayaan-3/,0,1,0,45,0,4,0,61.75
https://labs.techadyant.com/research/space/platform/firefly-constellation/,0,1,0,9,,,,
https://labs.techadyant.com/research/space/platform/thybolt-leap/,0,1,0,2,,,,
https://labs.techadyant.com/research/space/platform/vikram-1/,0,1,0,10,,,,
https://labs.techadyant.com/research/space/platform/vikram-2/,0,1,0,5,0,2,0,8
https://labs.techadyant.com/research/suppliers/?state=Gujarat,0,1,0,11,,,,
https://labs.techadyant.com/research/suppliers?q=Kennametal%2520India,0,1,0,1,,,,
https://labs.techadyant.com/signals/battery-materials-processing-india/,0,1,0,9,0,1,0,87
https://labs.techadyant.com/signals/dholera-water-signal/,0,1,0,1,0,3,0,7.666666666666667
https://labs.techadyant.com/signals/hindustan-copper-uzbekistan-minerals-partnership/,0,1,0,39,1,4,0.25,7.5
https://labs.techadyant.com/signals/india-brazil-telecommunications-ict-cooperation-mou/,0,1,0,1,1,4,0.25,7.5
https://labs.techadyant.com/signals/india-indigenous-turbojet-engine/,0,1,0,2,0,1,0,84
https://labs.techadyant.com/signals/india-javelin-tata-co-production-defence-industrial-base-2026/,0,1,0,1,,,,
https://labs.techadyant.com/signals/india-leases-two-mq-9b-seaguardian-indian-navy-indian-ocean-surveillance/,0,1,0,3,0,1,0,10
https://labs.techadyant.com/signals/india-lunar-opportunity-exploration-to-infrastructure/,0,1,0,9,0,4,0,21.75
https://labs.techadyant.com/signals/india-twelve-opportunity-zones-industrial-capital/,0,1,0,48,0,3,0,42
https://labs.techadyant.com/signals/india-uk-autonomous-systems-working-group/,0,1,0,9,1,6,0.16666666666666666,4.666666666666666
https://labs.techadyant.com/signals/indian-army-orders-indrajaal-ranger-mobile-counter-drone-system/,0,1,0,11,0,5,0,6
https://labs.techadyant.com/signals/niti-aayog-pact-zet-marketplace-electric-freight-2026/,0,1,0,5,,,,
https://labs.techadyant.com/signals/quantum-orders-industrial-policy/,0,1,0,35,,,,
https://labs.techadyant.com/signals/sixth-positive-indigenisation-list-405-defence-items/,0,1,0,10,0,7,0,55.857142857142854
https://labs.techadyant.com/signals/uttar-pradesh-lands-45000-crore-semiconductor-solar-investments/,0,1,0,3,0,25,0,5.4
https://labs.techadyant.com/signals/visakhapatnam-coastal-ai/,0,1,0,4,,,,
